A,Table A,Title information (filtered),
A,
A,Running EQ6 from EQ3/6-V8.0a (R43a) for PC,
A,---,
A,
A,EQ6 input file name= dedolo.6i,
A,Description= 'Dedolomitization with increasing temperature',
A,Version level= 8.0,
A,Revised 02/18/97    Revisor= T.J. Wolery,
A,This is part of the EQ3/6 Test Case Library,
A,,
A,  React gypsum with carbonate aquifer solution in equilibrium with dolomite,
A,and calcite; thus driving a dedolomitization reaction (conversion of,
A,dolomite to calcite). The temperature is increased linearly so that its,
A,value is 75C at unit value of reaction progress. The amount of gypsum,
A,dissolved at this point is 10 mmol. This is test problem 5 of INTERA (1983;,
A,p. 86-95).,
A,,
A,  Purpose: to compare against results obtained in a previous comparison of,
A,EQ3/6 with PHREEQE (Parkhurst; Thorstenson; and Plummer; 1980) made by,
A,---,
A,
A,data0.ymp.R5,
A,,
A,THERMODYNAMIC DATABASE,
A,,
A,This EQ3/6 database file is an update to the previous version of the,
A,thermodynamic database data0.ymp.R2 DTN: MO0210SPATHDYN.000. The changes,
A,result from both correcting errors and adding new data. The changes in,
A,this version of the database (data0.ymp.R5) relative to the immediately,
A,preceding version (data0.ymp.R4) are:,
A,,
A,---,
B1,EndTable:,A,
B1,
B1,
B1,Table B1,Miscellaneous parameters I,
B1,Xi,t(days),Temp(C),Press(bars),pH,pmH,log fO2,Eh(v),pe,aw,
B1,0.000,0.000,25.0000,1.0132,7.3038,7.2678,0.0000,-99999.0000,-99999.0000,0.9999,
B1,1.3683E-06,0.000,25.0001,1.0132,7.3075,7.2714,0.0000,-99999.0000,-99999.0000,0.9999,
B1,1.5437E-06,0.000,25.0001,1.0132,7.3075,7.2715,0.0000,-99999.0000,-99999.0000,0.9999,
B1,0.9355,0.000,71.7726,1.0132,6.4328,6.3546,0.0000,-99999.0000,-99999.0000,0.9997,
B1,1.000,0.000,75.0000,1.0132,6.4210,6.3444,0.0000,-99999.0000,-99999.0000,0.9997,
B2,EndTable:,B1,
B2,
B2,
B2,Table B2,Miscellaneous parameters II,
B2,Xi,t(days),H2O(kg),Alk(eq/kg.H2O),Signam(m),I(m),J(m),TDS(g/kg.sol),TDS(g/L),density(g/L),M/m,
B2,0.000,0.000,1.000,3.4258E-03,7.4100E-03,6.0265E-03,1.6564E-03,0.3486,0.3490,1001.1834,1.0008,
B2,1.3683E-06,0.000,1.000,3.4308E-03,7.4149E-03,6.0337E-03,1.6587E-03,0.3489,0.3493,1001.1835,1.0008,
B2,1.5437E-06,0.000,1.000,3.4308E-03,7.4149E-03,6.0337E-03,1.6587E-03,0.3489,0.3493,1001.1835,1.0008,
B2,0.9355,0.000,1.000,1.9401E-03,2.1886E-02,3.0466E-02,8.7047E-04,1.5249,0.0000,0.0000,0.0000,
B2,1.000,0.000,1.000,1.8882E-03,2.0676E-02,2.8436E-02,8.4818E-04,1.4311,0.0000,0.0000,0.0000,
C1,EndTable:,B2,
C1,
C1,
C1,Table C1,Dissolved elements(molality),
C1,Xi,t(days),Ca,Cl,C,Mg,Na,S,
C1,0.000,0.000,1.6092E-03,1.0000E-03,3.7535E-03,1.0372E-04,1.0000E-03,1.0000E-10,
C1,1.3683E-06,0.000,1.6103E-03,1.0000E-03,3.7560E-03,1.0509E-04,1.0000E-03,1.3783E-08,
C1,1.5437E-06,0.000,1.6103E-03,1.0000E-03,3.7560E-03,1.0514E-04,1.0000E-03,1.5537E-08,
C1,0.9355,0.000,9.8592E-03,9.9965E-04,3.0094E-03,4.5182E-04,9.9965E-04,9.3414E-03,
C1,1.000,0.000,9.2002E-03,9.9963E-04,2.9834E-03,4.1177E-04,9.9963E-04,8.6684E-03,
C2,EndTable:,C1,
C2,
C2,
C2,Table C2,Dissolved elements(ppm: mg/kg.sol),
C2,Xi,t(days),Ca,Cl,C,Mg,Na,S,
C2,0.000,0.000,64.47,35.44,45.07,2.520,22.98,3.2055E-06,
C2,1.3683E-06,0.000,64.52,35.44,45.10,2.553,22.98,4.4181E-04,
C2,1.5437E-06,0.000,64.51,35.44,45.10,2.554,22.98,4.9804E-04,
C2,0.9355,0.000,394.5,35.39,36.09,10.96,22.95,299.1,
C2,1.000,0.000,368.2,35.39,35.78,9.994,22.95,277.6,
C3,EndTable:,C2,
C3,
C3,
C3,Table C3,Dissolved elements(molarity),
C3,Xi,t(days),Ca,Cl,C,Mg,Na,S,
C3,0.000,0.000,1.6105E-03,1.0008E-03,3.7566E-03,1.0380E-04,1.0008E-03,1.0008E-10,
C3,1.3683E-06,0.000,1.6117E-03,1.0008E-03,3.7591E-03,1.0517E-04,1.0008E-03,1.3795E-08,
C3,1.5437E-06,0.000,1.6116E-03,1.0008E-03,3.7592E-03,1.0522E-04,1.0008E-03,1.5550E-08,
C4,EndTable:,C3,
C4,
C4,
C4,Table C4,Dissolved elements(ppm: mg/L),
C4,Xi,t(days),Ca,Cl,C,Mg,Na,S,
C4,0.000,0.000,64.55,35.48,45.12,2.523,23.01,3.2093E-06,
C4,1.3683E-06,0.000,64.59,35.48,45.15,2.556,23.01,4.4234E-04,
C4,1.5437E-06,0.000,64.59,35.48,45.15,2.557,23.01,4.9863E-04,
D1,EndTable:,C4,
D1,
D1,
D1,Table D1,Solute basis species(total molality),
D1,Xi,t(days),Ca++,Cl-,H+,HCO3-,Mg++,Na+,SO4--,
D1,0.000,0.000,1.6092E-03,1.0000E-03,3.2775E-04,3.7535E-03,1.0372E-04,1.0000E-03,1.0000E-10,
D1,1.3683E-06,0.000,1.6103E-03,1.0000E-03,3.2523E-04,3.7560E-03,1.0509E-04,1.0000E-03,1.3783E-08,
D1,1.5437E-06,0.000,1.6103E-03,1.0000E-03,3.2522E-04,3.7560E-03,1.0514E-04,1.0000E-03,1.5537E-08,
D1,0.9355,0.000,9.8592E-03,9.9965E-04,1.0704E-03,3.0094E-03,4.5182E-04,9.9965E-04,9.3414E-03,
D1,1.000,0.000,9.2002E-03,9.9963E-04,1.0963E-03,2.9834E-03,4.1177E-04,9.9963E-04,8.6684E-03,
D2,EndTable:,D1,
D2,
D2,
D2,Table D2,Solute basis species(total ppm: mg/kg.sol),
D2,Xi,t(days),Ca++,Cl-,H+,HCO3-,Mg++,Na+,SO4--,
D2,0.000,0.000,64.4693,35.4403,0.3302,228.9465,2.5200,22.9818,0.0000,
D2,1.3683E-06,0.000,64.5158,35.4403,0.3277,229.0999,2.5532,22.9818,0.0013,
D2,1.5437E-06,0.000,64.5141,35.4403,0.3277,229.1003,2.5544,22.9818,0.0015,
D2,0.9355,0.000,394.5328,35.3862,1.0772,183.3466,10.9648,22.9467,896.0041,
D2,1.000,0.000,368.1987,35.3887,1.1034,181.7777,9.9936,22.9483,831.5291,
D3,EndTable:,D2,
D3,
D3,
D3,Table D3,Solute basis species(total molarity),
D3,Xi,t(days),Ca++,Cl-,H+,HCO3-,Mg++,Na+,SO4--,
D3,0.000,0.000,1.6105E-03,1.0008E-03,3.2802E-04,3.7566E-03,1.0380E-04,1.0008E-03,1.0008E-10,
D3,1.3683E-06,0.000,1.6117E-03,1.0008E-03,3.2550E-04,3.7591E-03,1.0517E-04,1.0008E-03,1.3795E-08,
D3,1.5437E-06,0.000,1.6116E-03,1.0008E-03,3.2550E-04,3.7592E-03,1.0522E-04,1.0008E-03,1.5550E-08,
D4,EndTable:,D3,
D4,
D4,
D4,Table D4,Solute basis species(total ppm: mg/L),
D4,Xi,t(days),Ca++,Cl-,H+,HCO3-,Mg++,Na+,SO4--,
D4,0.000,0.000,64.5455,35.4823,0.3306,229.2174,2.5230,23.0090,0.0000,
D4,1.3683E-06,0.000,64.5921,35.4823,0.3281,229.3711,2.5563,23.0090,0.0013,
D4,1.5437E-06,0.000,64.5905,35.4823,0.3281,229.3715,2.5575,23.0090,0.0015,
E1,EndTable:,D4,
E1,
E1,
E1,Table E1,Basis species(log true molality; log mole fraction for H2O, log fugacity for O2(g)),
E1,Xi,t(days),H2O,Ca++,Cl-,H+,HCO3-,Mg++,Na+,SO4--,O2(g),
E1,0.000,0.000,-5.7972E-05,-2.807,-3.000,-7.268,-2.474,-3.996,-3.002,-10.05,0.000,
E1,1.3683E-06,0.000,-5.8010E-05,-2.807,-3.000,-7.271,-2.474,-3.991,-3.002,-7.909,0.000,
E1,1.5437E-06,0.000,-5.8010E-05,-2.807,-3.000,-7.271,-2.474,-3.991,-3.002,-7.857,0.000,
E1,0.9355,0.000,-1.7120E-04,-2.139,-3.002,-6.355,-2.742,-3.515,-3.012,-2.175,0.000,
E1,1.000,0.000,-1.6173E-04,-2.169,-3.002,-6.344,-2.754,-3.555,-3.012,-2.208,0.000,
E2,EndTable:,E1,
E2,
E2,
E2,Table E2,Basis species(log activity; log fugacity for O2(g)),
E2,Xi,t(days),H2O,Ca++,Cl-,H+,HCO3-,Mg++,Na+,SO4--,O2(g),
E2,0.000,0.000,-0.0001,-2.9496,-3.0359,-7.3038,-2.5099,-4.1391,-3.0378,-10.1913,0.0000,
E2,1.3683E-06,0.000,-0.0001,-2.9494,-3.0359,-7.3075,-2.5094,-4.1335,-3.0378,-8.0521,0.0000,
E2,1.5437E-06,0.000,-0.0001,-2.9494,-3.0359,-7.3075,-2.5094,-4.1333,-3.0378,-8.0001,0.0000,
E2,0.9355,0.000,-0.0001,-2.4482,-3.0794,-6.4328,-2.8201,-3.8237,-3.0900,-2.4896,0.0000,
E2,1.000,0.000,-0.0001,-2.4721,-3.0779,-6.4210,-2.8301,-3.8579,-3.0882,-2.5161,0.0000,
E3,EndTable:,E2,
E3,
E3,
E3,Table E3,Basis species(log activity coefficient),
E3,Xi,t(days),H2O,Ca++,Cl-,H+,HCO3-,Mg++,Na+,SO4--,O2(g),
E3,0.000,0.000,0.0000,-0.1426,-0.0356,-0.0360,-0.0356,-0.1426,-0.0360,-0.1434,0.0000,
E3,1.3683E-06,0.000,0.0000,-0.1427,-0.0356,-0.0360,-0.0356,-0.1427,-0.0360,-0.1435,0.0000,
E3,1.5437E-06,0.000,0.0000,-0.1427,-0.0356,-0.0360,-0.0356,-0.1427,-0.0360,-0.1435,0.0000,
E3,0.9355,0.000,0.0000,-0.3089,-0.0776,-0.0782,-0.0776,-0.3089,-0.0782,-0.3150,0.0000,
E3,1.000,0.000,0.0000,-0.3027,-0.0760,-0.0766,-0.0760,-0.3027,-0.0766,-0.3085,0.0000,
J,EndTable:,E3,
J,
J,
J,Table J,Moles of reactants destroyed/created,
J,Xi,t(days),Gypsum,Dolomite-ord,
J,0.000,0.000,0.000,0.000,
J,1.3683E-06,0.000,1.3683E-08,1.3683E-06,
J,1.5437E-06,0.000,1.5437E-08,1.5437E-06,
J,0.9355,0.000,9.3545E-03,1.5437E-06,
J,1.000,0.000,1.0000E-02,1.5437E-06,
K,EndTable:,J,
K,
K,
K,Table K,Affinities of reactants (kcal),
K,Xi,t(days),Total,Gypsum,Dolomite-ord,
K,0.000,0.000,0.1379,11.8130,0.0198,
K,1.3683E-06,0.000,0.0892,8.8942,0.0003,
K,1.5437E-06,0.000,0.0882,8.8233,0.0000,
K,0.9355,0.000,0.0040,0.3972,0.0000,
K,1.000,0.000,0.0044,0.4444,0.0000,
P,EndTable:,K,
P,
P,
P,Table P,Moles of product minerals,
P,Xi,t(days),Calcite,Dolomite-ord,Anhydrite,
P,0.000,0.000,
P,1.3683E-06,0.000,2.2032E-07,
P,1.5437E-06,0.000,3.1240E-07,9.9999E-02,
P,0.9355,0.000,1.4395E-03,9.9652E-02,9.8074E-06,
P,1.000,0.000,1.3854E-03,9.9692E-02,1.3283E-03,
Q,EndTable:,P,
Q,
Q,
Q,Table Q,Saturation indices of potential product phases,
Q,Xi,t(days),Anhydrite,Aragonite,Artinite,Bassanite,Brucite,CaSO4:0.5H2O(beta),Calcite,Dolomite,Dolomite-dis,Dolomite-ord,Gypsum,Halite,Huntite,Ice,Lansfordite,Magnesite,Monohydrocalcite,Nahcolite,Nesquehonite,H2O,Gas,Epsomite,Glauberite,Hexahydrite,Kieserite,MgSO4,Mirabilite,Pentahydrite,Periclase,Portlandite,Starkeyite,Thenardite,
Q,0.000,0.000,-8.8345,-0.1489,-8.5331,-9.4795,-5.8296,-9.6476,-0.0045,-0.0145,-1.5589,-0.0145,-8.6588,-7.6592,-6.4925,-0.1388,-4.1864,-1.6389,-0.8382,-4.8417,-4.3409,-0.0001,0.0000,
Q,1.3683E-06,0.000,-6.6951,-0.1444,-8.5103,-7.3401,-5.8167,-7.5082,0.0000,-0.0002,-1.5446,-0.0002,-6.5193,-7.6592,-6.4585,-0.1388,-4.1766,-1.6290,-0.8338,-4.8411,-4.3311,-0.0001,0.0000,
Q,1.5437E-06,0.000,-6.6431,-0.1444,-8.5099,-7.2880,-5.8165,-7.4561,0.0000,0.0000,-1.5444,0.0000,-6.4673,-7.6592,-6.4579,-0.1388,-4.1764,-1.6288,-0.8338,-4.8411,-4.3309,-0.0001,0.0000,
Q,0.9355,0.000,0.0000,-0.1431,-7.7434,-0.6454,-4.6447,-0.7640,0.0000,-0.0003,-1.2537,0.0000,-0.2516,-7.7804,-5.4458,-0.1388,-5.0526,-1.3854,-1.5181,-5.6545,-5.1173,-0.0001,0.0000,-4.3520,-8.1383,-4.5873,-6.0464,-8.8593,-7.5312,-4.9268,-8.7426,-9.0896,-5.3139,-8.1584,
Q,1.000,0.000,0.0000,-0.1431,-7.6764,-0.6460,-4.5506,-0.7617,0.0000,-0.0004,-1.2366,0.0000,-0.2790,-7.7743,-5.3861,-0.1388,-5.1085,-1.3711,-1.5637,-5.6866,-5.1898,-0.0001,0.0000,-4.4126,-8.2116,-4.6480,-6.1071,-8.7700,-7.5540,-4.9875,-8.5919,-8.9590,-5.3746,-8.1599,
T,EndTable:,Q,
T,
T,
T,Table T,Fugacities (bars),
T,Xi,t(days),CO2(g),H2O(g),HCl(g),
T,0.000,0.000,9.9984E-03,3.1626E-02,2.2590E-17,
T,1.3683E-06,0.000,9.9277E-03,3.1626E-02,2.2399E-17,
T,1.5437E-06,0.000,9.9275E-03,3.1626E-02,2.2399E-17,
T,0.9355,0.000,7.7275E-02,0.3339,1.0791E-14,
T,1.000,0.000,8.2085E-02,0.3823,1.4480E-14,
W,EndTable:,T,
W,
W,
W,Table W,Overall mass and volume changes,
W,Xi,t(days),g destroyed,g created,g net,cc destroyed,cc created,cc net,
W,0.000,  0.000,0.000,0.000,0.000,0.000,0.000,0.000,
W,1.3683E-06,  0.000,2.5467E-04,2.2051E-05,-2.3262E-04,0.000,0.000,0.000,
W,1.5437E-06,  0.000,2.8732E-04,18.44,18.44,0.000,0.000,0.000,
W,0.9355,  0.000,1.611,18.52,16.91,0.000,0.000,0.000,
W,1.000,  0.000,1.722,18.70,16.98,0.000,0.000,0.000,
Z,EndTable:,W,
Z,
Z,
Z,Table Z,Endfile,
Z,Endtable:,Z,
