A,Table A,Title information (filtered),
A,
A,Running EQ6 from EQ3/6-V8.0a (R43a) for PC,
A,---,
A,
A,EQ6 input file name= heatqf.6i,
A,Description= 'Heat a quenched fluid to find the in situ pH',
A,Version level= 8.0,
A,Revised 02/18/97    Revisor= T.J. Wolery,
A,This is part of the EQ3/6 Test Case Library,
A,,
A,  Heat quenched fluid from a hydrothermal experiment involving the reaction,
A,of water with vitric tuff. This fluid is for day 16 of the 150C experiment,
A,reported by Knauss and Peifer (1986; Appendix B2; p. 31). In Table 4; p. 12;,
A,they report a calculated in situ pH of 6.39.,
A,,
A,  Purpose: to test the ability of the code to compute the high temperature;,
A,in situ pH of a fluid from the measured quench pH.,
A,,
A,  In previous versions of this test case; the temperature was stepped up,
A,---,
A,
A,data0.ymp.R5,
A,,
A,THERMODYNAMIC DATABASE,
A,,
A,This EQ3/6 database file is an update to the previous version of the,
A,thermodynamic database data0.ymp.R2 DTN: MO0210SPATHDYN.000. The changes,
A,result from both correcting errors and adding new data. The changes in,
A,this version of the database (data0.ymp.R5) relative to the immediately,
A,preceding version (data0.ymp.R4) are:,
A,,
A,---,
B1,EndTable:,A,
B1,
B1,
B1,Table B1,Miscellaneous parameters I,
B1,Xi,t(days),Temp(C),Press(bars),pH,pmH,log fO2,Eh(v),pe,aw,
B1,0.000,0.000,150.0000,4.7572,6.3756,6.3420,-0.5628,0.6681,7.9570,0.9998,
B2,EndTable:,B1,
B2,
B2,
B2,Table B2,Miscellaneous parameters II,
B2,Xi,t(days),H2O(kg),Alk(eq/kg.H2O),Signam(m),I(m),J(m),TDS(g/kg.sol),TDS(g/L),density(g/L),M/m,
B2,0.000,0.000,1.000,7.7250E-04,1.1933E-02,2.7901E-03,1.5399E-04,0.5799,0.0000,0.0000,0.0000,
C1,EndTable:,B2,
C1,
C1,
C1,Table C1,Dissolved elements(molality),
C1,Xi,t(days),Al,Ca,Cl,F,C,K,Mg,N,Na,S,Si,
C1,0.000,0.000,5.1887E-05,1.3474E-04,2.1155E-04,1.2106E-04,2.3305E-03,4.0922E-04,6.1716E-06,1.0644E-04,2.5420E-03,2.3838E-04,5.5539E-03,
C2,EndTable:,C1,
C2,
C2,
C2,Table C2,Dissolved elements(ppm: mg/kg.sol),
C2,Xi,t(days),Al,Ca,Cl,F,C,K,Mg,N,Na,S,Si,
C2,0.000,0.000,1.399,5.397,7.496,2.299,27.97,15.99,0.1499,1.490,58.41,7.640,155.9,
D1,EndTable:,C2,
D1,
D1,
D1,Table D1,Solute basis species(total molality),
D1,Xi,t(days),Al+++,Ca++,Cl-,F-,H+,HCO3-,K+,Mg++,NO3-,Na+,SO4--,SiO2(aq),
D1,0.000,0.000,5.1887E-05,1.3474E-04,2.1155E-04,1.2106E-04,1.3319E-03,2.3305E-03,4.0922E-04,6.1716E-06,1.0644E-04,2.5420E-03,2.3838E-04,5.5539E-03,
D2,EndTable:,D1,
D2,
D2,
D2,Table D2,Solute basis species(total ppm: mg/kg.sol),
D2,Xi,t(days),Al+++,Ca++,Cl-,F-,H+,HCO3-,K+,Mg++,NO3-,Na+,SO4--,SiO2(aq),
D2,0.000,0.000,1.3992,5.3969,7.4956,2.2987,1.3417,142.1166,15.9907,0.1499,6.5962,58.4060,22.8867,333.5059,
E1,EndTable:,D2,
E1,
E1,
E1,Table E1,Basis species(log true molality; log mole fraction for H2O, log fugacity for O2(g)),
E1,Xi,t(days),H2O,Al+++,Ca++,Cl-,F-,H+,HCO3-,K+,Mg++,NO3-,Na+,SO4--,SiO2(aq),O2(g),
E1,0.000,0.000,-9.3354E-05,-16.08,-3.929,-3.675,-3.923,-6.342,-3.120,-3.390,-5.285,-3.973,-2.597,-3.669,-2.257,-0.5628,
E2,EndTable:,E1,
E2,
E2,
E2,Table E2,Basis species(log activity; log fugacity for O2(g)),
E2,Xi,t(days),H2O,Al+++,Ca++,Cl-,F-,H+,HCO3-,K+,Mg++,NO3-,Na+,SO4--,SiO2(aq),O2(g),
E2,0.000,0.000,-0.0001,-16.3801,-4.0630,-3.7089,-3.9565,-6.3756,-3.1531,-3.4239,-5.4182,-4.0064,-2.6303,-3.8034,-2.2572,-0.5628,
E3,EndTable:,E2,
E3,
E3,
E3,Table E3,Basis species(log activity coefficient),
E3,Xi,t(days),H2O,Al+++,Ca++,Cl-,F-,H+,HCO3-,K+,Mg++,NO3-,Na+,SO4--,SiO2(aq),O2(g),
E3,0.000,0.000,0.0000,-0.2980,-0.1335,-0.0336,-0.0336,-0.0336,-0.0336,-0.0336,-0.1335,-0.0336,-0.0336,-0.1346,0.0000,0.0000,
J,EndTable:,E3,
J,
J,
J,Table J,Moles of reactants destroyed/created,
J,Xi,t(days),
J,0.000,0.000,
K,EndTable:,J,
K,
K,
K,Table K,Affinities of reactants (kcal),
K,Xi,t(days),Total,
K,0.000,0.000,0.0000,
P,EndTable:,K,
P,
P,
P,Table P,Moles of product minerals,
P,Xi,t(days),
P,0.000,0.000,
Q,EndTable:,P,
Q,
Q,
Q,Table Q,Saturation indices of potential product phases,
Q,Xi,t(days),Akermanite,AlF3,Albite,Albite_high,Albite_low,Alunite,Amesite-14A,Amesite-7A,Analcime,Analcime-dehy,Andalusite,Anhydrite,Anorthite,Anthophyllite,Antigorite(am),Aragonite,Arcanite,Artinite,Bassanite,Beidellite-Ca,Beidellite-H,Beidellite-K,Beidellite-Mg,Beidellite-Na,Boehmite,Brucite,Ca-Al_Pyroxene,CaAl2O4,CaSO4:0.5H2O(beta),Calcite,Celadonite,Chabazite,Chalcedony,Chrysotile,Clinochlore-14A,Clinochlore-7A,Clinozoisite,Coesite,Cordierite_anhyd,Cordierite_hydr,Corundum,Cristobalite(alpha),Cristobalite(beta),Diaspore,Diopside,Dolomite,Dolomite-dis,Dolomite-ord,Enstatite,Erionite,Fluorite,Forsterite,Gehlenite,Gibbsite,Grossular,Gypsum,Gyrolite,Halite,Huntite,Illite,Jadeite,K-Feldspar,Kalsilite,Kaolinite,Kyanite,Laumontite,Lawsonite,Magnesite,Margarite,Maximum_Microcline,Mesolite,MgSO4,Monticellite,Montmorillonite-Ca,Montmorillonite-H,Montmorillonite-K,Montmorillonite-Mg,Montmorillonite-Na,Mordenite,Muscovite,Nahcolite,Natrolite,Nepheline,Nesquehonite,Niter,Okenite,Paragonite,Pargasite,Periclase,Phillipsite,Phlogopite,Portlandite,Prehnite,Pseudowollastonite,Pyrophyllite,Quartz,Sanidine_high,Saponite-Ca,Saponite-H,Saponite-K,Saponite-Mg,Saponite-Na,Scolecite,Sellaite,Sepiolite,SiO2(am),Sillimanite,Spinel,Stellerite,Stilbite,Sylvite,Talc,Thenardite,Tremolite,Wairakite,Wollastonite,Zoisite,H2O,Gas,
Q,0.000,0.000,-9.5293,-8.8366,1.0166,0.2676,1.0166,-6.5449,4.6359,-0.2443,0.3606,-4.1526,0.6864,-1.5923,0.3602,-6.1877,-7.7954,-1.0872,-9.2865,-7.8326,-3.1334,5.0156,4.0875,4.2322,4.9795,4.3799,0.3925,-3.3651,-4.1188,-9.2957,-3.2279,-0.9404,1.9112,13.4533,0.2128,-2.0411,1.1014,-1.6253,1.5920,-0.1841,-2.1300,-0.6305,-0.3013,0.0492,-0.1973,0.7842,-1.8933,-1.6870,-2.5963,-1.6856,-1.6801,11.1373,-1.7106,-4.5908,-9.1193,0.6813,-2.8473,-2.9630,-7.1921,-7.7892,-7.4279,4.4093,-1.0306,1.8868,-1.0982,3.4135,0.7331,14.2641,1.5267,-1.8437,3.4379,1.9069,4.2479,-8.4614,-5.4004,4.5126,3.5844,3.7293,4.4765,3.8771,1.4108,5.6459,-5.9373,-1.1396,-1.9129,-6.7552,-8.3102,-4.7844,4.0531,-8.3734,-6.3047,11.5399,0.7053,-7.2736,1.1685,-2.9294,3.5421,0.4107,1.2814,1.9999,1.0713,1.2162,1.9532,1.3632,3.8688,-3.1815,-8.1093,-0.0729,0.4871,-3.4173,16.6569,6.1945,-8.4625,0.6855,-8.3593,-1.7826,1.5482,-3.0018,1.5669,-0.0001,0.0000,
T,EndTable:,Q,
T,
T,
T,Table T,Fugacities (bars),
T,Xi,t(days),CH4(g),CO(g),CO2(g),H2(g),H2O(g),H2O2(g),H2S(g),HCl(g),HF(g),HNO3(g),Nitrogen,NH3(g),NO(g),NO2(g),NO3(g),N2O(g),N2O3(g),N2O4(g),N2O5(g),O2(g),S2(g),SO2(g),
T,0.000,0.000,7.5319E-98,1.3271E-31,0.1740,2.7164E-27,4.585,1.8294E-16,8.5557E-94,7.6757E-13,1.0962E-08,1.6103E-13,5.6032E-10,9.1531E-45,3.9330E-16,3.3588E-13,8.7407E-23,2.8239E-24,5.4684E-31,8.7031E-28,1.7655E-31,0.2733,1.5331-150,2.3533E-35,
W,EndTable:,T,
W,
W,
W,Table W,Overall mass and volume changes,
W,Xi,t(days),g destroyed,g created,g net,cc destroyed,cc created,cc net,
W,0.000,  0.000,0.000,0.000,0.000,0.000,0.000,0.000,
Z,EndTable:,W,
Z,
Z,
Z,Table Z,Endfile,
Z,Endtable:,Z,
