A,Table A,Title information (filtered),
A,
A,Running EQ6 from EQ3/6-V8.0a (R43a) for PC,
A,---,
A,
A,EQ6 input file name= j13wsf.6i,
A,Description= 'Reaction of J-13 well water with spent nuclear fuel',
A,Version level= 8.0,
A,Revised 02/18/97    Revisor= T.J. Wolery,
A,This is part of the EQ3/6 Test Case Library,
A,,
A,  React spent nuclear fuel with J-13 well water. The O2 and CO2 fugacities,
A,are fixed at atmospheric values using nffg options. The spent nuclear fuel,
A,is treated as a special reactant. One 'mole' is equivalent to 100 grams. The,
A,spent fuel composition corresponds to average PWR spent fuel with burnup of,
A,33;000 MWd/MTIHM at 1;000 years This was computed by Henry Shaw (LLNL;,
A,1/12/89) as a correction to the data published in Table 2 of Bruton and Shaw,
A,(1988).,
A,,
A,  Purpose: to test the ability of the code to model reaction in a large;,
A,---,
A,
A,data0.ymp.R5,
A,,
A,THERMODYNAMIC DATABASE,
A,,
A,This EQ3/6 database file is an update to the previous version of the,
A,thermodynamic database data0.ymp.R2 DTN: MO0210SPATHDYN.000. The changes,
A,result from both correcting errors and adding new data. The changes in,
A,this version of the database (data0.ymp.R5) relative to the immediately,
A,preceding version (data0.ymp.R4) are:,
A,,
A,---,
B1,EndTable:,A,
B1,
B1,
B1,Table B1,Miscellaneous parameters I,
B1,Xi,t(days),Temp(C),Press(bars),pH,pmH,log fO2,Eh(v),pe,aw,
B1,0.000,0.000,25.0000,1.0132,8.4789,8.4530,-0.7000,0.7171,12.1223,0.9999,
B1,1.9289E-06,0.000,25.0000,1.0132,8.4785,8.4526,-0.7000,0.7171,12.1228,0.9999,
B2,EndTable:,B1,
B2,
B2,
B2,Table B2,Miscellaneous parameters II,
B2,Xi,t(days),H2O(kg),Alk(eq/kg.H2O),Signam(m),I(m),J(m),TDS(g/kg.sol),TDS(g/L),density(g/L),M/m,
B2,0.000,0.000,1.000,1.6311E-03,5.0195E-03,2.9350E-03,2.1033E-05,0.2128,0.2131,1001.0964,1.0009,
B2,1.9289E-06,0.000,1.000,1.6297E-03,5.0194E-03,2.9395E-03,1.6483E-05,0.2131,0.2133,1001.0965,1.0009,
C1,EndTable:,B2,
C1,
C1,
C1,Table C1,Dissolved elements(molality),
C1,Xi,t(days),Al,Am,B,Ca,Cl,Cs,Cu,F,Fe,C,P,I,K,Li,Mg,Mn,N,Na,Ni,Np,Pb,Pu,Ra,S,Se,Si,Sn,Sr,Tc,Th,U,
C1,0.000,0.000,8.4390E-10,9.9999E-13,1.2388E-05,2.1600E-04,2.0139E-04,9.9999E-13,9.9999E-13,1.1433E-04,4.4096E-13,1.6031E-03,9.1574E-10,9.9999E-13,1.2891E-04,6.9154E-06,1.3970E-05,5.0364E-16,1.4160E-04,1.9922E-03,9.9999E-13,2.5190E-20,9.9999E-13,1.4173E-29,9.9999E-13,1.9154E-04,9.9999E-13,1.6250E-04,9.9999E-13,4.5651E-07,9.9999E-13,2.4107E-15,9.9999E-13,
C1,1.9289E-06,0.000,8.4315E-10,2.7142E-10,1.2388E-05,2.1643E-04,2.0139E-04,2.1999E-09,9.9999E-13,1.1433E-04,4.4093E-13,1.6037E-03,9.1407E-10,2.9033E-10,1.2891E-04,6.9154E-06,1.3998E-05,5.0346E-16,1.4160E-04,1.9922E-03,4.0391E-08,2.5190E-20,1.0000E-12,1.4116E-29,1.0027E-12,1.9154E-04,4.7582E-11,1.6249E-04,6.1224E-09,4.5651E-07,1.4959E-09,2.4088E-15,7.8201E-07,
C2,EndTable:,C1,
C2,
C2,
C2,Table C2,Dissolved elements(ppm: mg/kg.sol),
C2,Xi,t(days),Al,Am,B,Ca,Cl,Cs,Cu,F,Fe,C,P,I,K,Li,Mg,Mn,N,Na,Ni,Np,Pb,Pu,Ra,S,Se,Si,Sn,Sr,Tc,Th,U,
C2,0.000,0.000,2.2765E-05,2.4295E-07,0.1339,8.655,7.138,1.3288E-07,6.3532E-08,2.172,2.4620E-08,19.25,2.8358E-05,1.2688E-07,5.039,4.7990E-02,0.3395,2.7663E-11,1.983,45.79,5.8681E-08,5.9687E-15,2.0715E-07,3.4576E-24,2.2595E-07,6.141,7.8943E-08,4.563,1.1868E-07,3.9991E-02,9.7979E-08,5.5926E-10,2.3798E-07,
C2,1.9289E-06,0.000,2.2745E-05,6.5942E-05,0.1339,8.672,7.138,2.9232E-04,6.3532E-08,2.172,2.4619E-08,19.26,2.8306E-05,3.6836E-05,5.039,4.7990E-02,0.3401,2.7653E-11,1.983,45.79,2.3702E-03,5.9687E-15,2.0716E-07,3.4435E-24,2.2656E-07,6.141,3.7563E-06,4.563,7.2664E-04,3.9991E-02,1.4656E-04,5.5882E-10,0.1861,
C3,EndTable:,C2,
C3,
C3,
C3,Table C3,Dissolved elements(molarity),
C3,Xi,t(days),Al,Am,B,Ca,Cl,Cs,Cu,F,Fe,C,P,I,K,Li,Mg,Mn,N,Na,Ni,Np,Pb,Pu,Ra,S,Se,Si,Sn,Sr,Tc,Th,U,
C3,0.000,0.000,8.4465E-10,1.0009E-12,1.2399E-05,2.1619E-04,2.0157E-04,1.0009E-12,1.0009E-12,1.1443E-04,4.4135E-13,1.6045E-03,9.1655E-10,1.0009E-12,1.2902E-04,6.9215E-06,1.3982E-05,5.0408E-16,1.4173E-04,1.9939E-03,1.0009E-12,2.5212E-20,1.0009E-12,1.4186E-29,1.0009E-12,1.9171E-04,1.0009E-12,1.6264E-04,1.0009E-12,4.5692E-07,1.0009E-12,2.4128E-15,1.0009E-12,
C3,1.9289E-06,0.000,8.4390E-10,2.7166E-10,1.2399E-05,2.1662E-04,2.0157E-04,2.2018E-09,1.0009E-12,1.1443E-04,4.4132E-13,1.6051E-03,9.1488E-10,2.9058E-10,1.2902E-04,6.9215E-06,1.4010E-05,5.0391E-16,1.4173E-04,1.9939E-03,4.0427E-08,2.5212E-20,1.0009E-12,1.4128E-29,1.0036E-12,1.9171E-04,4.7624E-11,1.6263E-04,6.1278E-09,4.5692E-07,1.4972E-09,2.4110E-15,7.8271E-07,
C4,EndTable:,C3,
C4,
C4,
C4,Table C4,Dissolved elements(ppm: mg/L),
C4,Xi,t(days),Al,Am,B,Ca,Cl,Cs,Cu,F,Fe,C,P,I,K,Li,Mg,Mn,N,Na,Ni,Np,Pb,Pu,Ra,S,Se,Si,Sn,Sr,Tc,Th,U,
C4,0.000,0.000,2.2790E-05,2.4321E-07,0.1340,8.665,7.146,1.3302E-07,6.3602E-08,2.174,2.4647E-08,19.27,2.8389E-05,1.2702E-07,5.044,4.8042E-02,0.3398,2.7693E-11,1.985,45.84,5.8745E-08,5.9752E-15,2.0738E-07,3.4614E-24,2.2620E-07,6.147,7.9029E-08,4.568,1.1881E-07,4.0035E-02,9.8086E-08,5.5987E-10,2.3824E-07,
C4,1.9289E-06,0.000,2.2770E-05,6.6014E-05,0.1340,8.682,7.146,2.9264E-04,6.3602E-08,2.174,2.4646E-08,19.28,2.8337E-05,3.6876E-05,5.044,4.8042E-02,0.3405,2.7684E-11,1.985,45.84,2.3728E-03,5.9752E-15,2.0739E-07,3.4473E-24,2.2681E-07,6.147,3.7604E-06,4.568,7.2743E-04,4.0035E-02,1.4672E-04,5.5943E-10,0.1863,
D1,EndTable:,C4,
D1,
D1,
D1,Table D1,Solute basis species(total molality),
D1,Xi,t(days),Al+++,Am+++,B(OH)3(aq),Ca++,Cl-,Cs+,Cu++,F-,Fe++,H+,HCO3-,HPO4--,I-,K+,Li+,Mg++,Mn++,NO3-,Na+,Ni++,NpO2+,Pb++,PuO2+,Ra++,SO4--,SeO3--,SiO2(aq),Sn++,Sr++,TcO4-,Th++++,UO2++,Np++++,Pu++++,
D1,0.000,0.000,8.4390E-10,9.9999E-13,1.2388E-05,2.1600E-04,2.0139E-04,9.9999E-13,9.9999E-13,1.1433E-04,4.4096E-13,-4.1868E-05,1.6031E-03,9.1574E-10,9.9999E-13,1.2891E-04,6.9154E-06,1.3970E-05,5.0364E-16,1.4160E-04,1.9922E-03,9.9999E-13,0.000,9.9999E-13,0.000,9.9999E-13,1.9154E-04,9.9999E-13,1.6250E-04,9.9999E-13,4.5651E-07,9.9999E-13,2.4107E-15,9.9999E-13,2.5190E-20,1.4173E-29,
D1,1.9289E-06,0.000,8.4315E-10,2.7142E-10,1.2388E-05,2.1643E-04,2.0139E-04,2.1999E-09,9.9999E-13,1.1433E-04,4.4093E-13,-4.3891E-05,1.6037E-03,9.1407E-10,2.9033E-10,1.2891E-04,6.9154E-06,1.3998E-05,5.0346E-16,1.4160E-04,1.9922E-03,4.0391E-08,0.000,1.0000E-12,0.000,1.0027E-12,1.9154E-04,4.7582E-11,1.6249E-04,6.1224E-09,4.5651E-07,1.4959E-09,2.4088E-15,7.8201E-07,2.5190E-20,1.4116E-29,
D2,EndTable:,D1,
D2,
D2,
D2,Table D2,Solute basis species(total ppm: mg/kg.sol),
D2,Xi,t(days),Al+++,Am+++,B(OH)3(aq),Ca++,Cl-,Cs+,Cu++,F-,Fe++,H+,HCO3-,HPO4--,I-,K+,Li+,Mg++,Mn++,NO3-,Na+,Ni++,NpO2+,Pb++,PuO2+,Ra++,SO4--,SeO3--,SiO2(aq),Sn++,Sr++,TcO4-,Th++++,UO2++,Np++++,Pu++++,
D2,0.000,0.000,0.0000,0.0000,0.7658,8.6551,7.1384,0.0000,0.0000,2.1716,0.0000,-0.0422,97.7972,0.0001,0.0000,5.0389,0.0480,0.3395,0.0000,8.7781,45.7900,0.0000,0.0000,0.0000,0.0000,0.0000,18.3960,0.0000,9.7617,0.0000,0.0400,0.0000,0.0000,0.0000,0.0000,0.0000,
D2,1.9289E-06,0.000,0.0000,0.0001,0.7658,8.6720,7.1384,0.0003,0.0000,2.1716,0.0000,-0.0442,97.8299,0.0001,0.0000,5.0389,0.0480,0.3401,0.0000,8.7781,45.7900,0.0024,0.0000,0.0000,0.0000,0.0000,18.3960,0.0000,9.7609,0.0007,0.0400,0.0002,0.0000,0.2111,0.0000,0.0000,
D3,EndTable:,D2,
D3,
D3,
D3,Table D3,Solute basis species(total molarity),
D3,Xi,t(days),Al+++,Am+++,B(OH)3(aq),Ca++,Cl-,Cs+,Cu++,F-,Fe++,H+,HCO3-,HPO4--,I-,K+,Li+,Mg++,Mn++,NO3-,Na+,Ni++,NpO2+,Pb++,PuO2+,Ra++,SO4--,SeO3--,SiO2(aq),Sn++,Sr++,TcO4-,Th++++,UO2++,Np++++,Pu++++,
D3,0.000,0.000,8.4465E-10,1.0009E-12,1.2399E-05,2.1619E-04,2.0157E-04,1.0009E-12,1.0009E-12,1.1443E-04,4.4135E-13,-4.1905E-05,1.6045E-03,9.1655E-10,1.0009E-12,1.2902E-04,6.9215E-06,1.3982E-05,5.0408E-16,1.4173E-04,1.9939E-03,1.0009E-12,0.000,1.0009E-12,0.000,1.0009E-12,1.9171E-04,1.0009E-12,1.6264E-04,1.0009E-12,4.5692E-07,1.0009E-12,2.4128E-15,1.0009E-12,2.5212E-20,1.4186E-29,
D3,1.9289E-06,0.000,8.4390E-10,2.7166E-10,1.2399E-05,2.1662E-04,2.0157E-04,2.2018E-09,1.0009E-12,1.1443E-04,4.4132E-13,-4.3930E-05,1.6051E-03,9.1488E-10,2.9058E-10,1.2902E-04,6.9215E-06,1.4010E-05,5.0391E-16,1.4173E-04,1.9939E-03,4.0427E-08,0.000,1.0009E-12,0.000,1.0036E-12,1.9171E-04,4.7624E-11,1.6263E-04,6.1278E-09,4.5692E-07,1.4972E-09,2.4110E-15,7.8271E-07,2.5212E-20,1.4128E-29,
D4,EndTable:,D3,
D4,
D4,
D4,Table D4,Solute basis species(total ppm: mg/L),
D4,Xi,t(days),Al+++,Am+++,B(OH)3(aq),Ca++,Cl-,Cs+,Cu++,F-,Fe++,H+,HCO3-,HPO4--,I-,K+,Li+,Mg++,Mn++,NO3-,Na+,Ni++,NpO2+,Pb++,PuO2+,Ra++,SO4--,SeO3--,SiO2(aq),Sn++,Sr++,TcO4-,Th++++,UO2++,Np++++,Pu++++,
D4,0.000,0.000,0.0000,0.0000,0.7667,8.6646,7.1463,0.0000,0.0000,2.1740,0.0000,-0.0422,97.9044,0.0001,0.0000,5.0444,0.0480,0.3398,0.0000,8.7877,45.8402,0.0000,0.0000,0.0000,0.0000,0.0000,18.4162,0.0000,9.7724,0.0000,0.0400,0.0000,0.0000,0.0000,0.0000,0.0000,
D4,1.9289E-06,0.000,0.0000,0.0001,0.7667,8.6815,7.1463,0.0003,0.0000,2.1740,0.0000,-0.0443,97.9372,0.0001,0.0000,5.0444,0.0480,0.3405,0.0000,8.7877,45.8402,0.0024,0.0000,0.0000,0.0000,0.0000,18.4162,0.0000,9.7716,0.0007,0.0400,0.0002,0.0000,0.2114,0.0000,0.0000,
E1,EndTable:,D4,
E1,
E1,
E1,Table E1,Basis species(log true molality; log mole fraction for H2O, log fugacity for O2(g)),
E1,Xi,t(days),H2O,Al+++,Am+++,B(OH)3(aq),Ca++,Cl-,Cs+,Cu++,F-,Fe++,H+,HCO3-,HPO4--,I-,K+,Li+,Mg++,Mn++,NO3-,Na+,Ni++,NpO2+,Pb++,PuO2+,Ra++,SO4--,SeO3--,SiO2(aq),Sn++,Sr++,TcO4-,Th++++,UO2++,O2(g),Np++++,Pu++++,
E1,0.000,0.000,-3.9271E-05,-20.59,-15.26,-4.981,-3.693,-3.696,-12.00,-14.05,-3.942,-24.82,-8.453,-2.809,-9.108,-24.28,-3.890,-5.161,-4.877,-16.03,-3.849,-2.702,-12.12,-9.9999E+04,-14.22,-9.9999E+04,-12.00,-3.729,-24.19,-3.828,-66.60,-6.365,-12.00,-31.74,-20.01,-0.7000,-43.25,-41.53,
E1,1.9289E-06,0.000,-3.9269E-05,-20.59,-12.83,-4.980,-3.692,-3.696,-8.658,-14.05,-3.942,-24.82,-8.453,-2.810,-9.109,-21.82,-3.890,-5.161,-4.876,-16.03,-3.849,-2.702,-7.513,-9.9999E+04,-14.22,-9.9999E+04,-12.00,-3.729,-22.51,-3.828,-62.81,-6.365,-8.825,-31.74,-14.12,-0.7000,-43.25,-41.53,
E2,EndTable:,E1,
E2,
E2,
E2,Table E2,Basis species(log activity; log fugacity for O2(g)),
E2,Xi,t(days),H2O,Al+++,Am+++,B(OH)3(aq),Ca++,Cl-,Cs+,Cu++,F-,Fe++,H+,HCO3-,HPO4--,I-,K+,Li+,Mg++,Mn++,NO3-,Na+,Ni++,NpO2+,Pb++,PuO2+,Ra++,SO4--,SeO3--,SiO2(aq),Sn++,Sr++,TcO4-,Th++++,UO2++,O2(g),Np++++,Pu++++,
E2,0.000,0.000,0.0000,-20.8164,-15.4912,-4.9805,-3.7955,-3.7217,-12.0259,-14.1574,-3.9680,-24.9224,-8.4789,-2.8347,-9.2108,-24.3090,-3.9161,-5.1864,-4.9794,-16.1315,-3.8749,-2.7281,-12.2221,-99999.0000,-14.3192,-99999.0000,-12.1027,-3.8322,-24.2929,-3.8278,-66.7053,-6.4673,-12.0256,-32.1410,-20.1121,-0.7000,-43.6553,-41.9328,
E2,1.9289E-06,0.000,0.0000,-20.8152,-13.0565,-4.9805,-3.7946,-3.7218,-8.6835,-14.1566,-3.9680,-24.9216,-8.4785,-2.8352,-9.2118,-21.8462,-3.9161,-5.1864,-4.9785,-16.1306,-3.8749,-2.7281,-7.6157,-99999.0000,-14.3188,-99999.0000,-12.1016,-3.8322,-22.6156,-3.8278,-62.9172,-6.4673,-8.8508,-32.1394,-14.2200,-0.7000,-43.6537,-41.9312,
E3,EndTable:,E2,
E3,
E3,
E3,Table E3,Basis species(log activity coefficient),
E3,Xi,t(days),H2O,Al+++,Am+++,B(OH)3(aq),Ca++,Cl-,Cs+,Cu++,F-,Fe++,H+,HCO3-,HPO4--,I-,K+,Li+,Mg++,Mn++,NO3-,Na+,Ni++,NpO2+,Pb++,PuO2+,Ra++,SO4--,SeO3--,SiO2(aq),Sn++,Sr++,TcO4-,Th++++,UO2++,O2(g),Np++++,Pu++++,
E3,0.000,0.000,0.0000,-0.2292,-0.2292,0.0000,-0.1027,-0.0256,-0.0259,-0.1027,-0.0256,-0.1027,-0.0259,-0.0256,-0.1031,-0.0256,-0.0259,-0.0259,-0.1027,-0.1027,-0.0256,-0.0259,-0.1027,-0.0259,-0.1027,-0.0259,-0.1027,-0.1031,-0.1031,0.0000,-0.1027,-0.1027,-0.0256,-0.4041,-0.1027,0.0000,-0.4041,-0.4041,
E3,1.9289E-06,0.000,0.0000,-0.2294,-0.2294,0.0000,-0.1028,-0.0256,-0.0259,-0.1028,-0.0256,-0.1028,-0.0259,-0.0256,-0.1032,-0.0256,-0.0259,-0.0259,-0.1028,-0.1028,-0.0256,-0.0259,-0.1028,-0.0259,-0.1028,-0.0259,-0.1028,-0.1032,-0.1032,0.0000,-0.1028,-0.1028,-0.0256,-0.4044,-0.1028,0.0000,-0.4044,-0.4044,
J,EndTable:,E3,
J,
J,
J,Table J,Moles of reactants destroyed/created,
J,Xi,t(days),Spent Fuel,
J,0.000,0.000,0.000,
J,1.9289E-06,0.000,1.9289E-06,
K,EndTable:,J,
K,
K,
K,Table K,Affinities of reactants (kcal),
K,Xi,t(days),Total,Spent Fuel,
K,0.000,0.000,99999.0000,99999.0000,
K,1.9289E-06,0.000,99999.0000,99999.0000,
P,EndTable:,K,
P,
P,
P,Table P,Moles of product minerals,
P,Xi,t(days),Calcite,Dolomite-ord,Fluorapatite,Nontronite-Ca,NpO2,PuO2,Pyrolusite,Stellerite,Thorianite,Tridymite,fix_fO2(g),fix_fCO2(g),
P,0.000,0.000,3.7405E-05,6.8729E-05,4.1645E-07,3.5812E-07,1.0000E-12,1.0000E-12,2.1843E-07,4.4369E-08,9.9759E-13,8.5030E-04,0.4997,0.5005,
P,1.9289E-06,0.000,3.7010E-05,6.8701E-05,4.1645E-07,3.5812E-07,1.1545E-09,6.0615E-09,2.1843E-07,4.4369E-08,1.7132E-12,8.5032E-04,0.4997,0.5005,
Q,EndTable:,P,
Q,
Q,
Q,Table Q,Saturation indices of potential product phases,
Q,Xi,t(days),Alamosite,Albite,Albite_high,Albite_low,Am(OH)3,Am(OH)3(am),AmO2,AmOHCO3,AmPO4(am),Amesite-7A,Analcime,Andalusite,Andradite,Anhydrite,Antigorite(am),Aragonite,Arcanite,Artinite,Bassanite,Beidellite-Ca,Beidellite-H,Beidellite-K,Beidellite-Mg,Beidellite-Na,Bixbyite,Boehmite,Boltwoodite-Na,Boric_acid,Brucite,Brushite,Bunsenite,CaSO4:0.5H2O(beta),CaUO4,Calcite,Cassiterite,SnO2(am),Celadonite,Celestite,Cerussite,Chabazite,Chalcedony,Chrysotile,Clinochlore-14A,Coesite,Cristobalite(alpha),Cristobalite(beta),Dawsonite,Diaspore,Diopside,Dolomite,Dolomite-dis,Dolomite-ord,Enstatite,Epidote,Epidote-ord,Epsomite,Erionite,Eucryptite,Fe(OH)3,Ferrite-Ca,Ferrite-Cu,Ferrite-Mg,Ferrite-Ni,Fluorapatite,Fluorite,Forsterite,Gaylussite,Gibbsite,Gismondine-Na,Gismondine-Ca,Goethite,Gypsum,Gyrolite,Halite,Hematite,Hexahydrite,Huntite,Hydroxylapatite,Ice,Illite,Jadeite,K-Feldspar,Kalicinite,Kalsilite,Kaolinite,Kieserite,Kyanite,Lansfordite,Laumontite,Lawsonite,Litharge,Magnesite,Manganite,Maximum_Microcline,Mesolite,Mirabilite,MnO2(gamma),Monohydrocalcite,Monticellite,Montmorillonite-Ca,Montmorillonite-H,Montmorillonite-K,Montmorillonite-Mg,Montmorillonite-Na,Mordenite,Muscovite,Na2CO3:7H2O,Nahcolite,Natrolite,Natron,Nepheline,Nesquehonite,NiCO3,NiCO3:5.5H2O,Ni(OH)2,Niter,Nontronite-Ca,Nontronite-H,Nontronite-K,Nontronite-Mg,Nontronite-Na,NpO2,NpO2(am,hyd),Okenite,Paragonite,Paralaurionite,PbHPO4,Pentahydrite,Periclase,Petalite,Phillipsite,Phlogopite,Pirssonite,Plattnerite,Portlandite,Prehnite,Pseudowollastonite,PuO2,PuO2(hyd,aged),Pyrolusite,Pyrophyllite,Quartz,RaSO4,Sanidine_high,Saponite-Ca,Saponite-H,Saponite-K,Saponite-Mg,Saponite-Na,Schoepite,Scolecite,Sellaite,Sepiolite,SiO2(am),Sillimanite,Smectite-low-Fe-Mg,Smectite_Reykjanes,Spodumene,SrF2,SrSiO3,Starkeyite,Stellerite,Stilbite,Strontianite,Sylvite,Talc,Tenorite,Th.75PO4,ThO2:2H2O(am),ThO2(am),Thenardite,Thorianite,Tremolite,Trevorite,Tridymite,UO2(OH)2(beta),Schoepite(dehyd,0.9),Schoepite(dehyd,1.0),Whitlockite,Wollastonite,H2O,Gas,Am2(CO3)3,MgUO4,Morenosite,Na2U2O7,NiSO4:6H2O(alpha),Rutherfordine,Sklodowskite,Soddyite,SrUO4(alpha),UO2FOH:2H2O,UO2FOH:H2O,UO3(alpha),UO3(beta),UO3(gamma),Uranophane(alpha),Weeksite-Na,
Q,0.000,0.000,-6.8626,-3.9619,-5.2806,-3.9619,-5.2765,-7.0764,-4.2412,-4.5202,-3.7832,-9.7734,-3.8583,-9.4192,-6.8498,-3.3212,-6.2230,-0.1444,-9.8635,-7.0130,-3.9661,-6.0465,-7.2603,-6.4295,-6.2037,-6.3764,-8.2149,-3.9812,-7.3115,-4.8222,-4.3196,-6.4563,-7.7362,-4.1342,-5.9451,0.0000,-5.3824,-5.4542,-1.9871,-4.6224,-5.4660,-0.5718,-0.3563,-3.3590,-8.9907,-0.8950,-0.6356,-1.0790,-4.6045,-3.1368,-3.9923,0.0000,-1.5444,0.0000,-3.4329,-8.6227,-8.6227,-6.8495,-4.7238,-8.8412,-6.0324,-9.1807,-7.4747,-9.7509,-5.8087,0.0000,-1.6943,-7.9902,-9.1276,-2.3465,-8.7734,-6.1217,-0.9090,-3.1454,-8.8386,-8.0353,-0.8571,-7.0849,-6.4579,-4.2832,-0.1387,-5.4092,-5.5019,-2.1101,-7.0345,-5.1154,-4.3692,-8.5445,-9.1487,-4.1763,-0.6528,-6.6101,-9.9529,-1.6288,-4.4296,-2.1101,-2.8214,-8.1489,-1.4938,-0.8337,-8.5289,-3.8733,-5.0872,-4.2563,-4.0305,-4.2032,-4.5970,-5.3616,-9.7582,-4.8567,-8.6624,-9.4226,-6.8294,-4.3308,-5.7067,-9.3821,-5.7843,-7.5849,0.0000,-1.2139,-0.3831,-0.1572,-0.3299,0.0000,-9.0630,-5.3882,-8.1099,-9.7656,-7.8992,-7.4245,-9.3570,-2.8986,-2.3728,-3.8903,-9.2864,-5.3748,-9.3821,-8.2495,-4.6999,0.0000,-6.0370,0.0000,-6.1676,-0.0777,-5.4850,-3.3093,-1.4196,-2.6335,-1.8027,-1.5769,-1.7495,-7.9988,-4.3580,-3.5310,-5.4974,-1.1142,-9.7827,-9.2838,-5.7444,-6.0556,-5.8633,-8.1811,-7.8118,0.0000,-3.1238,-0.5094,-8.4837,-1.5406,-4.8556,-9.1882,-6.4060,-5.5355,-8.9792,0.0000,-7.6949,-5.8087,0.0000,-8.1111,-8.2448,-8.9663,-6.7844,-4.6826,0.0000,0.0000,
Q,1.9289E-06,0.000,-6.8630,-3.9623,-5.2810,-3.9623,-2.8431,-4.6430,-1.8077,-2.0868,-1.3499,-9.7734,-3.8587,-9.4192,-6.8498,-3.3205,-6.2230,-0.1444,-9.8636,-7.0130,-3.9654,-6.0465,-7.2603,-6.4297,-6.2037,-6.3765,-8.2149,-3.9812,-1.4205,-4.8222,-4.3196,-6.4565,-3.1306,-4.1335,-0.0537,0.0000,-1.5952,-1.6670,-1.9875,-4.6225,-5.4664,-0.5721,-0.3563,-3.3590,-8.9907,-0.8950,-0.6356,-1.0790,-4.6049,-3.1368,-3.9923,0.0000,-1.5444,0.0000,-3.4329,-8.6227,-8.6227,-6.8488,-4.7248,-8.8416,-6.0324,-9.1807,-7.4747,-9.7509,-1.2031,0.0000,-1.6935,-7.9902,-9.1284,-2.3465,-8.7742,-6.1217,-0.9090,-3.1447,-8.8386,-8.0354,-0.8571,-7.0842,-6.4579,-4.2836,-0.1387,-5.4095,-5.5023,-2.1105,-7.0349,-5.1158,-4.3692,-8.5438,-9.1487,-4.1763,-0.6530,-6.6101,-9.9533,-1.6288,-4.4296,-2.1105,-2.8217,-8.1490,-1.4938,-0.8337,-8.5289,-3.8733,-5.0872,-4.2565,-4.0305,-4.2033,-4.5972,-5.3620,-9.7590,-4.8571,-8.6633,-9.4234,-6.8298,-4.3308,-1.1011,-4.7765,-1.1788,-7.5849,0.0000,-1.2139,-0.3832,-0.1572,-0.3301,0.0000,-9.0630,-5.3882,-8.1103,-9.7656,-7.8998,-7.4238,-9.3570,-2.8990,-2.3734,-3.8907,-9.2872,-5.3752,-9.3821,-8.2495,-4.6999,0.0000,-6.0370,0.0000,-6.1676,-0.0777,-5.4840,-3.3097,-1.4196,-2.6335,-1.8028,-1.5769,-1.7497,-2.1074,-4.3580,-3.5302,-5.4974,-1.1142,-9.7827,-9.2839,-5.7446,-6.0560,-5.8633,-8.1820,-7.8110,0.0000,-3.1239,-0.5103,-8.4838,-1.5406,-4.8556,-9.1883,-6.4060,-5.5355,-8.9793,0.0000,-7.6949,-1.2031,0.0000,-2.2198,-2.3535,-3.0750,-6.7847,-4.6826,0.0000,0.0000,-6.8132,-8.2979,-9.4342,-5.6388,-9.4409,-4.4408,-7.2053,-4.6306,-5.9494,-7.0599,-7.4367,-5.9131,-5.5835,-5.1289,-1.3006,-7.8675,
T,EndTable:,Q,
T,
T,
T,Table T,Fugacities (bars),
T,Xi,t(days),Al(g),Am(g),AmF3(g),B(g),BF3(g),C(g),CH4(g),CO(g),CO2(g),Ca(g),Chlorine,Cs(g),Cu(g),Fluorine,FeCl2(g),FeCl3(g),FeF2(g),FeF3(g),H2(g),H2O(g),H2O2(g),H2S(g),HCl(g),HF(g),HI(g),HNO3(g),I2(g),K(g),Li(g),Mg(g),Nitrogen,NH3(g),NO(g),NO2(g),NO3(g),N2O(g),N2O3(g),N2O4(g),N2O5(g),Na(g),NiCl2(g),NiF2(g),O2(g),Pb(g),S2(g),SO2(g),Si(g),SiF4(g),Sn(g),Tc(g),Tc2O7(g),TcC(g),TcO(g),TcS(g),Th(g),U(g),U2Cl10(g),U2Cl8(g),U2F10(g),UCl(g),UCl2(g),UCl3(g),UCl4(g),UCl5(g),UCl6(g),UF(g),UF2(g),UF3(g),UF4(g),UF5(g),UF6(g),UI(g),UI2(g),UI3(g),UI4(g),UO(g),UO2(g),UO2Cl2(g),UO2F2(g),UO3(g),UOF4(g),
T,0.000,0.000,2.3861-193,7.2048-200,5.5177E-78,7.5045-204,4.4193E-40,3.2539-190,3.9086-146,6.1958E-49,3.1623E-04,7.6489-151,6.2974E-30,1.1802E-84,8.6653E-80,3.8671E-83,7.1783E-68,2.6364E-66,2.9919E-78,3.7931E-47,6.2699E-42,3.1627E-02,3.7202E-24,1.1632-144,3.1114E-19,2.0339E-14,6.9547E-43,1.4938E-19,1.1174E-46,7.6015E-77,1.7773E-91,3.3736-129,5.4367E-21,8.6828E-70,2.2188E-26,1.5377E-20,3.0529E-32,1.3650E-39,1.7715E-46,1.5979E-39,2.0419E-43,6.1151E-75,1.0470E-59,1.0661E-66,0.1995,6.7412E-72,7.6671-232,1.9076E-57,6.6009-221,3.7833E-39,3.9235-143,2.1468-221,5.2893E-65,0.000,7.0372-174,1.0834-305,4.1629-303,7.7270-297,4.6392-250,2.2828-251,1.7983-157,2.1203-253,1.7401-208,3.1272-161,3.0433-131,1.5245-138,1.4181-140,3.9853-238,1.5241-197,1.3669-150,1.9925-100,1.2675E-91,7.9429E-97,5.1477-283,2.0783-260,5.8024-240,1.6066-231,5.9486-212,1.0743-127,2.9538E-76,1.8772E-63,7.7039E-75,5.7875E-78,
T,1.9289E-06,0.000,2.3861-193,1.9546-197,1.5009E-75,7.5056-204,4.4318E-40,3.2539-190,3.9086-146,6.1958E-49,3.1623E-04,7.6489-151,6.3087E-30,2.5938E-81,8.6649E-80,3.8740E-83,7.1912E-68,2.6434E-66,2.9973E-78,3.8033E-47,6.2699E-42,3.1627E-02,3.7202E-24,1.1651-144,3.1142E-19,2.0357E-14,2.0210E-40,1.4952E-19,9.4353E-42,7.5941E-77,1.7755E-91,3.3736-129,5.4464E-21,8.6906E-70,2.2208E-26,1.5391E-20,3.0557E-32,1.3674E-39,1.7746E-46,1.6007E-39,2.0456E-43,6.1091E-75,4.2298E-55,4.3067E-62,0.1995,6.7349E-72,7.6928-232,1.9108E-57,6.6009-221,3.7969E-39,2.4040-139,3.2143-218,1.1857E-58,0.000,1.0536-170,1.6248-302,4.1629-303,6.0169-291,2.8382-238,1.3941-239,1.1002-145,1.6525-247,1.3574-202,2.4417-155,2.3782-125,1.1924-132,1.1102-134,3.1060-232,1.1889-191,1.0673-144,1.5570E-94,9.9136E-86,6.2182E-91,1.1648-274,1.3666-249,1.1087-226,8.9205-216,4.6321-206,8.3652-122,2.3042E-70,1.4643E-57,5.9990E-69,4.5227E-72,
W,EndTable:,T,
W,
W,
W,Table W,Overall mass and volume changes,
W,Xi,t(days),g destroyed,g created,g net,cc destroyed,cc created,cc net,
W,0.000,  0.000,0.000,38.09,38.09,0.000,0.000,0.000,
W,1.9289E-06,  0.000,2.1786E-04,38.09,38.09,0.000,0.000,0.000,
Z,EndTable:,W,
Z,
Z,
Z,Table Z,Endfile,
Z,Endtable:,Z,
