A,Table A,Title information (filtered),
A,
A,Running EQ6 from EQ3/6-V8.0a (R43a) for PC,
A,---,
A,
A,EQ6 input file name= pptmins.6i,
A,Description= 'Precipitate minerals from sea water',
A,Version level= 8.0,
A,Revised 02/18/97    Revisor= T.J. Wolery,
A,This is part of the EQ3/6 Test Case Library,
A,,
A,  Precipitate minerals from sea water; so as to eliminate any cases of,
A,supersaturation. No reaction path is calculated; and no reactants are,
A,defined.,
A,,
A,  Purpose: to demonstrate the ability of the code to find an equilibrium,
A,assemblage of minerals and aqueous solution; starting with a solution which,
A,is supersaturated with respect to a great many minerals.,
A,,
A,  The sea water composition is taken from the sea water test case of,
A,---,
A,
A,data0.ymp.R5,
A,,
A,THERMODYNAMIC DATABASE,
A,,
A,This EQ3/6 database file is an update to the previous version of the,
A,thermodynamic database data0.ymp.R2 DTN: MO0210SPATHDYN.000. The changes,
A,result from both correcting errors and adding new data. The changes in,
A,this version of the database (data0.ymp.R5) relative to the immediately,
A,preceding version (data0.ymp.R4) are:,
A,,
A,---,
B1,EndTable:,A,
B1,
B1,
B1,Table B1,Miscellaneous parameters I,
B1,Xi,t(days),Temp(C),Press(bars),pH,pmH,log fO2,Eh(v),pe,aw,
B1,0.000,0.000,25.0000,1.0132,6.8374,6.6772,-0.7352,0.8139,13.7589,0.9823,
B2,EndTable:,B1,
B2,
B2,
B2,Table B2,Miscellaneous parameters II,
B2,Xi,t(days),H2O(kg),Alk(eq/kg.H2O),Signam(m),I(m),J(m),TDS(g/kg.sol),TDS(g/L),density(g/L),M/m,
B2,0.000,0.000,1.000,1.4051E-03,1.086,0.6379,3.7516E-02,33.9371,34.7238,1023.1820,0.9885,
C1,EndTable:,B2,
C1,
C1,
C1,Table C1,Dissolved elements(molality),
C1,Xi,t(days),Al,B,Br,Ca,Cl,F,Fe,C,P,I,K,Mg,Na,S,Si,Sr,
C1,0.000,0.000,2.1765E-09,4.2665E-04,8.4226E-04,1.0066E-02,0.5459,7.2950E-05,1.5442E-12,1.5818E-03,1.2373E-08,4.8855E-07,1.0208E-02,5.2929E-02,0.4684,2.8231E-02,7.1025E-05,9.2901E-05,
C2,EndTable:,C1,
C2,
C2,
C2,Table C2,Dissolved elements(ppm: mg/kg.sol),
C2,Xi,t(days),Al,B,Br,Ca,Cl,F,Fe,C,P,I,K,Mg,Na,S,Si,Sr,
C2,0.000,0.000,5.6733E-05,4.456,65.02,389.7,1.8696E+04,1.339,8.3307E-08,18.35,3.7022E-04,5.9896E-02,385.6,1243.,1.0403E+04,874.5,1.927,7.864,
C3,EndTable:,C2,
C3,
C3,
C3,Table C3,Dissolved elements(molarity),
C3,Xi,t(days),Al,B,Br,Ca,Cl,F,Fe,C,P,I,K,Mg,Na,S,Si,Sr,
C3,0.000,0.000,2.1514E-09,4.2172E-04,8.3254E-04,9.9500E-03,0.5396,7.2108E-05,1.5263E-12,1.5635E-03,1.2230E-08,4.8292E-07,1.0090E-02,5.2318E-02,0.4630,2.7905E-02,7.0205E-05,9.1829E-05,
C4,EndTable:,C3,
C4,
C4,
C4,Table C4,Dissolved elements(ppm: mg/L),
C4,Xi,t(days),Al,B,Br,Ca,Cl,F,Fe,C,P,I,K,Mg,Na,S,Si,Sr,
C4,0.000,0.000,5.8049E-05,4.559,66.52,398.8,1.9130E+04,1.370,8.5238E-08,18.78,3.7880E-04,6.1284E-02,394.5,1272.,1.0644E+04,894.8,1.972,8.046,
D1,EndTable:,C4,
D1,
D1,
D1,Table D1,Solute basis species(total molality),
D1,Xi,t(days),Al+++,B(OH)3(aq),Br-,Ca++,Cl-,F-,Fe++,H+,HCO3-,HPO4--,I-,K+,Mg++,Na+,SO4--,SiO2(aq),Sr++,
D1,0.000,0.000,2.1765E-09,4.2665E-04,8.4226E-04,1.0066E-02,0.5459,7.2950E-05,1.5442E-12,1.7130E-04,1.5818E-03,1.2373E-08,4.8855E-07,1.0208E-02,5.2929E-02,0.4684,2.8231E-02,7.1025E-05,9.2901E-05,
D2,EndTable:,D1,
D2,
D2,
D2,Table D2,Solute basis species(total ppm: mg/kg.sol),
D2,Xi,t(days),Al+++,B(OH)3(aq),Br-,Ca++,Cl-,F-,Fe++,H+,HCO3-,HPO4--,I-,K+,Mg++,Na+,SO4--,SiO2(aq),Sr++,
D2,0.000,0.000,0.0001,25.4857,65.0158,389.7413,18696.1453,1.3389,0.0000,0.1668,93.2386,0.0011,0.0599,385.5539,1242.7870,10402.5261,2619.9528,4.1226,7.8637,
D3,EndTable:,D2,
D3,
D3,
D3,Table D3,Solute basis species(total molarity),
D3,Xi,t(days),Al+++,B(OH)3(aq),Br-,Ca++,Cl-,F-,Fe++,H+,HCO3-,HPO4--,I-,K+,Mg++,Na+,SO4--,SiO2(aq),Sr++,
D3,0.000,0.000,2.1514E-09,4.2172E-04,8.3254E-04,9.9500E-03,0.5396,7.2108E-05,1.5263E-12,1.6933E-04,1.5635E-03,1.2230E-08,4.8292E-07,1.0090E-02,5.2318E-02,0.4630,2.7905E-02,7.0205E-05,9.1829E-05,
D4,EndTable:,D3,
D4,
D4,
D4,Table D4,Solute basis species(total ppm: mg/L),
D4,Xi,t(days),Al+++,B(OH)3(aq),Br-,Ca++,Cl-,F-,Fe++,H+,HCO3-,HPO4--,I-,K+,Mg++,Na+,SO4--,SiO2(aq),Sr++,
D4,0.000,0.000,0.0001,26.0765,66.5230,398.7763,19129.5598,1.3699,0.0000,0.1707,95.4001,0.0012,0.0613,394.4918,1271.5974,10643.6778,2680.6886,4.2182,8.0460,
E1,EndTable:,D4,
E1,
E1,
E1,Table E1,Basis species(log true molality; log mole fraction for H2O, log fugacity for O2(g)),
E1,Xi,t(days),H2O,Al+++,B(OH)3(aq),Br-,Ca++,Cl-,F-,Fe++,H+,HCO3-,HPO4--,I-,K+,Mg++,Na+,SO4--,SiO2(aq),Sr++,O2(g),
E1,0.000,0.000,-8.4130E-03,-12.62,-3.376,-3.078,-2.050,-0.2803,-4.224,-20.52,-6.677,-3.001,-8.374,-18.54,-2.001,-1.343,-0.3524,-1.773,-4.165,-4.099,-0.7352,
E2,EndTable:,E1,
E2,
E2,
E2,Table E2,Basis species(log activity; log fugacity for O2(g)),
E2,Xi,t(days),H2O,Al+++,B(OH)3(aq),Br-,Ca++,Cl-,F-,Fe++,H+,HCO3-,HPO4--,I-,K+,Mg++,Na+,SO4--,SiO2(aq),Sr++,O2(g),
E2,0.000,0.000,-0.0078,-14.1433,-3.3755,-3.2642,-2.7466,-0.4661,-4.4098,-21.2151,-6.8374,-3.1871,-9.1701,-18.7275,-2.1609,-2.0405,-0.5127,-2.5695,-4.1655,-4.7963,-0.7352,
E3,EndTable:,E2,
E3,
E3,
E3,Table E3,Basis species(log activity coefficient),
E3,Xi,t(days),H2O,Al+++,B(OH)3(aq),Br-,Ca++,Cl-,F-,Fe++,H+,HCO3-,HPO4--,I-,K+,Mg++,Na+,SO4--,SiO2(aq),Sr++,O2(g),
E3,0.000,0.000,0.0006,-1.5248,0.0000,-0.1858,-0.6971,-0.1858,-0.1858,-0.6971,-0.1603,-0.1858,-0.7962,-0.1858,-0.1603,-0.6971,-0.1603,-0.7962,0.0000,-0.6971,0.0000,
J,EndTable:,E3,
J,
J,
J,Table J,Moles of reactants destroyed/created,
J,Xi,t(days),
J,0.000,0.000,
K,EndTable:,J,
K,
K,
K,Table K,Affinities of reactants (kcal),
K,Xi,t(days),Total,
K,0.000,0.000,0.0000,
P,EndTable:,K,
P,
P,
P,Table P,Moles of product minerals,
P,Xi,t(days),Chabazite,Dolomite-ord,Fluorapatite,Nontronite-Na,
P,0.000,0.000,1.7379E-08,2.2012E-04,2.1421E-07,1.7905E-08,
Q,EndTable:,P,
Q,
Q,
Q,Table Q,Saturation indices of potential product phases,
Q,Xi,t(days),AlF3,Albite,Albite_high,Albite_low,Alunite,Amesite-14A,Amesite-7A,Analcime,Analcime-dehy,Andalusite,Anhydrite,Antarcticite,Antigorite(am),Aphthitalite,Aragonite,Arcanite,Artinite,Bassanite,Beidellite-Ca,Beidellite-H,Beidellite-K,Beidellite-Mg,Beidellite-Na,Berlinite,Bischofite,Bloedite,Boehmite,Boric_acid,Brucite,Brushite,CaSO4:0.5H2O(beta),Calcite,Carnallite,Celadonite,Celestite,Chabazite,Chalcedony,Chrysotile,Clinochlore-14A,Coesite,Corundum,Cristobalite(alpha),Cristobalite(beta),Dawsonite,Diaspore,Diopside,Dolomite,Dolomite-dis,Dolomite-ord,Enstatite,Epsomite,Erionite,Fe(OH)3,Ferrite-Mg,Fluorapatite,Fluorite,Forsterite,Gaylussite,Gibbsite,Gismondine-Na,Gismondine-Ca,Glauberite,Goethite,Gypsum,Halite,Hematite,Hexahydrite,Huntite,Hydroxylapatite,Ice,Illite,Jadeite,K-Feldspar,KBr,KNaCO3:6H2O,Kainite,Kalicinite,Kalsilite,Kaolinite,Kieserite,Kyanite,Lansfordite,Laumontite,Lawsonite,Leonite,Magnesite,Maximum_Microcline,Mesolite,MgSO4,Mirabilite,Monohydrocalcite,Montmorillonite-Ca,Montmorillonite-H,Montmorillonite-K,Montmorillonite-Mg,Montmorillonite-Na,Mordenite,Muscovite,Na2CO3,Na2CO3:7H2O,Kogarkoite,Na4Ca(SO4)3:2H2O,NaBr,NaBr:2H2O,Nahcolite,Natrolite,Natron,Nepheline,Nesquehonite,Nontronite-Ca,Nontronite-H,Nontronite-K,Nontronite-Mg,Nontronite-Na,Okenite,Oxychloride-Mg,Paragonite,Pentahydrite,Periclase,Phillipsite,Phlogopite,Picromerite,Pirssonite,Polyhalite,Pseudowollastonite,Pyrophyllite,Quartz,Sanidine_high,Saponite-Ca,Saponite-H,Saponite-K,Saponite-Mg,Saponite-Na,Scolecite,Sellaite,Sepiolite,SiO2(am),Sillimanite,Smectite-low-Fe-Mg,SrCl2:2H2O,SrCl2:6H2O,SrF2,SrHPO4,Starkeyite,Stellerite,Stilbite,Strontianite,Sylvite,Syngenite,Talc,Thenardite,Thermonatrite,Tridymite,Whitlockite,Wollastonite,H2O,Gas,Biotite,Carbonate-Calcite,Chlorite-ss,Orthopyroxene,Plagioclase,Sanidine-ss,Saponite-tri,
Q,0.000,0.000,-9.4792,-2.6678,-3.9865,-2.6678,-6.3502,-7.9654,-7.3560,-2.3401,-8.6951,-6.2827,-1.0098,-7.8188,-7.9694,-8.2468,-1.0894,-5.0906,-6.4507,-1.6585,-3.6159,-4.4612,-3.5928,-3.4613,-3.3878,-9.8532,-7.4117,-5.7584,-2.2480,-3.2172,-4.6792,-5.3823,-1.8266,-0.9450,-9.9185,-1.8505,-1.6887,0.0000,-0.6940,-5.1054,-8.3197,-1.2327,-6.6787,-0.9733,-1.4167,-1.0082,-1.4036,-7.2614,0.0000,-1.5444,0.0000,-4.1224,-2.7021,-3.5285,-5.6362,-9.2871,0.0000,-1.5291,-9.0316,-7.6743,-0.6209,-4.8654,-5.5956,-3.4421,-0.5050,-0.8494,-2.5643,-0.0415,-2.9299,-4.5679,-5.4906,-0.1465,-2.6256,-3.8702,-1.2763,-6.4943,-9.3292,-6.9490,-5.6317,-3.6062,-1.5858,-4.3508,-6.0122,-3.2699,-0.3671,-6.0686,-7.4202,-0.6838,-1.2763,-1.4891,-9.4918,-2.5328,-1.7865,-2.8168,-3.6621,-2.7937,-2.6622,-2.5887,-5.1429,-1.0612,-8.3591,-7.3754,-6.4927,-6.6278,-6.7508,-5.8965,-2.9937,-5.0767,-7.0630,-4.8600,-3.4090,-0.2281,-1.0734,-0.2050,-0.0735,0.0000,-8.3209,-9.9212,-3.3493,-3.2617,-9.7089,-2.3941,-4.1197,-7.1085,-7.8099,-7.8369,-7.2795,-4.0518,-0.4154,-2.4755,-3.5189,-4.3642,-3.4958,-3.3643,-3.2908,-4.1619,-1.4758,-8.9851,-1.4519,-6.6462,-8.4544,-9.0688,-7.2789,-5.0759,-8.9247,-3.6412,-2.3712,-3.9029,-0.8323,-3.4730,-4.7669,-3.9547,-3.2858,-8.3452,-0.3377,-6.8395,-7.2622,-0.0078,0.0000,-4.1197,-0.3300,-8.3197,-4.1224,-3.9865,-2.4623,-3.1885,
T,EndTable:,Q,
T,
T,
T,Table T,Fugacities (bars),
T,Xi,t(days),Al(g),B(g),BF3(g),Br2(g),C(g),CH4(g),CO(g),CO2(g),Ca(g),Chlorine,Fluorine,FeCl2(g),FeCl3(g),FeF2(g),FeF3(g),H2(g),H2O(g),H2O2(g),H2S(g),HBr(g),HCl(g),HF(g),HI(g),I2(g),K(g),Mg(g),Na(g),O2(g),S2(g),SO2(g),Si(g),SiF4(g),
T,0.000,0.000,1.3843-191,3.2987-202,7.4566E-35,9.6730E-17,6.9900-189,8.7874-145,1.2781E-47,6.2641E-03,4.5640-153,3.8327E-20,9.4806E-81,1.1874E-57,3.4021E-51,1.9935E-75,3.9572E-43,6.4142E-42,3.1069E-02,3.5093E-24,4.8049-140,1.0773E-19,2.4551E-14,3.2210E-13,1.1622E-35,3.0503E-32,9.9884E-77,1.5626-129,2.3186E-74,0.1840,1.2501-222,7.1027E-53,3.2895-221,1.1332E-34,
W,EndTable:,T,
W,
W,
W,Table W,Overall mass and volume changes,
W,Xi,t(days),g destroyed,g created,g net,cc destroyed,cc created,cc net,
W,0.000,  0.000,0.000,4.0722E-02,4.0722E-02,0.000,0.000,0.000,
X,EndTable:,W,
X,
X,
X,Table X,Solid solution mole fractions,
X,Xi,t(days),
X,0.000,0.000,
Z,EndTable:,X,
Z,
Z,
Z,Table Z,Endfile,
Z,Endtable:,Z,
