A,Table A,Title information (filtered),
A,
A,Running EQ6 from EQ3/6-V8.0a (R43a) for PC,
A,---,
A,
A,EQ6 input file name= calhal90.6i,
A,Description= 'Calcite saturated NaCl brine; after PHRQPITZ test problem 5b',
A,Version level= 8.0,
A,Revised 06/03/10    Revisor= T.J. Wolery,
A,This is part of the EQ3/6 Test Case Library,
A,,
A,  Add halite (NaCl) to the calcite saturated fresh water defined in the,
A,EQ3NR test case input file calnacl.3i; until halite saturation is reached.,
A,Saturation with calcite is maintained by adding calcite as a reactant.,
A,Because the solution is initially saturated; the calcite reactant is almost,
A,immediately converted to product mineral status; regardless of the value of,
A,specified relative rate of dissolution. The log pCO2 is fixed at -2.0 by,
A,means of an nffg option. This is test problem 5b from the PHRQPITZ manual,
A,(Plummer et al.; 1988). This problem has no redox aspect. Here the,
A,temperature is increased to 90C.,
A,---,
A,
A,data0.ypf.R2,
A,PITZER THERMODYNAMIC DATABASE INCLUDING ACTINIDES AND TRANSITION METALS,
A,(09/28/2006),
A,,
A,This database file represents a combination of the Pitzer parameters for,
A,major cations and anions found in data0.ypf (renamed data0.ypf.R0)(DTN:,
A,SN0302T0510102.002) and added Pitzer parameters for actinide and transition,
A,metal species. However; the listed solid and aqueous species in this,
A,data0.ypf.R2 database are somewhat different from those in data0.ypf.R0.,
A,Some log K values for solids and aqueous species were actually taken from,
A,---,
B1,EndTable:,A,
B1,
B1,
B1,Table B1,Miscellaneous parameters I,
B1,Xi,t(days),Temp(C),Press(bars),pH,pmH,log fO2,Eh(v),pe,aw,
B1,0.000,0.000,90.0000,1.0132,7.2468,7.2245,0.0000,-99999.0000,-99999.0000,1.0000,
B1,1.000,0.000,90.0000,1.0132,7.3566,7.2741,0.0000,-99999.0000,-99999.0000,0.9668,
B1,2.000,0.000,90.0000,1.0132,7.3021,7.3539,0.0000,-99999.0000,-99999.0000,0.9310,
B1,3.000,0.000,90.0000,1.0132,7.2314,7.4393,0.0000,-99999.0000,-99999.0000,0.8926,
B1,4.000,0.000,90.0000,1.0132,7.1517,7.5252,0.0000,-99999.0000,-99999.0000,0.8521,
B1,5.000,0.000,90.0000,1.0132,7.0671,7.6101,0.0000,-99999.0000,-99999.0000,0.8100,
B1,6.000,0.000,90.0000,1.0132,6.9798,7.6934,0.0000,-99999.0000,-99999.0000,0.7673,
B1,6.500,0.000,90.0000,1.0132,6.9356,7.7341,0.0000,-99999.0000,-99999.0000,0.7460,
B2,EndTable:,B1,
B2,
B2,
B2,Table B2,Miscellaneous parameters II,
B2,Xi,t(days),H2O(kg),Alk(eq/kg.H2O),Signam(m),I(m),J(m),TDS(g/kg.sol),TDS(g/L),density(g/L),M/m,
B2,0.000,0.000,1.000,9.9560E-04,1.5974E-03,1.4782E-03,4.9043E-04,0.0851,0.0000,0.0000,0.0000,
B2,1.000,0.000,1.000,2.6520E-03,2.004,1.004,1.2545E-03,55.4068,0.0000,0.0000,0.0000,
B2,2.000,0.000,1.000,2.8839E-03,4.004,2.004,1.3141E-03,104.8357,0.0000,0.0000,0.0000,
B2,3.000,0.000,1.000,2.8936E-03,6.004,3.004,1.2688E-03,149.3362,0.0000,0.0000,0.0000,
B2,4.000,0.000,1.000,2.8025E-03,8.004,4.004,1.1918E-03,189.6170,0.0000,0.0000,0.0000,
B2,5.000,0.000,1.000,2.6609E-03,10.00,5.004,1.1131E-03,226.2540,0.0000,0.0000,0.0000,
B2,6.000,0.000,1.000,2.4994E-03,12.00,6.004,1.0451E-03,259.7214,0.0000,0.0000,0.0000,
B2,6.500,0.000,1.000,2.4182E-03,13.00,6.504,1.0167E-03,275.3925,0.0000,0.0000,0.0000,
C1,EndTable:,B2,
C1,
C1,
C1,Table C1,Dissolved elements(molality),
C1,Xi,t(days),C,Ca,Cl,Na,
C1,0.000,0.000,1.0980E-03,4.9777E-04,9.9998E-11,9.9998E-11,
C1,1.000,0.000,2.6722E-03,1.3260E-03,1.000,1.000,
C1,2.000,0.000,2.8307E-03,1.4419E-03,2.000,2.000,
C1,3.000,0.000,2.7785E-03,1.4468E-03,3.000,3.000,
C1,4.000,0.000,2.6477E-03,1.4012E-03,4.000,4.000,
C1,5.000,0.000,2.4925E-03,1.3305E-03,5.000,5.000,
C1,6.000,0.000,2.3397E-03,1.2497E-03,6.000,6.000,
C1,6.500,0.000,2.2691E-03,1.2091E-03,6.500,6.500,
C2,EndTable:,C1,
C2,
C2,
C2,Table C2,Dissolved elements(ppm: mg/kg.sol),
C2,Xi,t(days),C,Ca,Cl,Na,
C2,0.000,0.000,13.19,19.95,3.5449E-06,2.2987E-06,
C2,1.000,0.000,30.32,50.20,3.3488E+04,2.1716E+04,
C2,2.000,0.000,30.44,51.73,6.3472E+04,4.1159E+04,
C2,3.000,0.000,28.39,49.33,9.0474E+04,5.8669E+04,
C2,4.000,0.000,25.77,45.51,1.1492E+05,7.4521E+04,
C2,5.000,0.000,23.16,41.26,1.3716E+05,8.8940E+04,
C2,6.000,0.000,20.80,37.08,1.5747E+05,1.0211E+05,
C2,6.500,0.000,19.75,35.11,1.6698E+05,1.0828E+05,
D1,EndTable:,C2,
D1,
D1,
D1,Table D1,Solute basis species(total molality),
D1,Xi,t(days),HCO3-,Ca++,Cl-,H+,Na+,
D1,0.000,0.000,1.0980E-03,4.9777E-04,9.9998E-11,1.0247E-04,9.9998E-11,
D1,1.000,0.000,2.6722E-03,1.3260E-03,1.000,2.0217E-05,1.000,
D1,2.000,0.000,2.8307E-03,1.4419E-03,2.000,-5.3145E-05,2.000,
D1,3.000,0.000,2.7785E-03,1.4468E-03,3.000,-1.1509E-04,3.000,
D1,4.000,0.000,2.6477E-03,1.4012E-03,4.000,-1.5468E-04,4.000,
D1,5.000,0.000,2.4925E-03,1.3305E-03,5.000,-1.6844E-04,5.000,
D1,6.000,0.000,2.3397E-03,1.2497E-03,6.000,-1.5973E-04,6.000,
D1,6.500,0.000,2.2691E-03,1.2091E-03,6.500,-1.4908E-04,6.500,
D2,EndTable:,D1,
D2,
D2,
D2,Table D2,Solute basis species(total ppm: mg/kg.sol),
D2,Xi,t(days),HCO3-,Ca++,Cl-,H+,Na+,
D2,0.000,0.000,66.9920,19.9480,0.0000,0.1033,0.0000,
D2,1.000,0.000,154.0156,50.1985,33488.1107,0.0192,21715.8062,
D2,2.000,0.000,154.6136,51.7309,63471.5360,-0.0480,41158.9531,
D2,3.000,0.000,144.2187,49.3256,90474.2836,-0.0987,58669.2402,
D2,4.000,0.000,130.9237,45.5093,114919.9994,-0.1263,74521.3864,
D2,5.000,0.000,117.6734,41.2575,137155.4693,-0.1314,88940.2695,
D2,6.000,0.000,105.6817,37.0770,157467.3930,-0.1192,102111.8038,
D2,6.500,0.000,100.3268,35.1136,166978.3321,-0.1089,108279.2975,
E1,EndTable:,D2,
E1,
E1,
E1,Table E1,Basis species(log true molality; log mole fraction for H2O, log fugacity for O2(g)),
E1,Xi,t(days),H2O,HCO3-,Ca++,Cl-,H+,Na+,O2(g),
E1,0.000,0.000,-1.2498E-05,-3.011,-3.308,-10.00,-7.224,-10.00,0.000,
E1,1.000,0.000,-1.5403E-02,-2.599,-2.883,-8.1854E-06,-7.274,-3.4917E-06,0.000,
E1,2.000,0.000,-3.0251E-02,-2.580,-2.846,0.3010,-7.354,0.3010,0.000,
E1,3.000,0.000,-4.4605E-02,-2.595,-2.844,0.4771,-7.439,0.4771,0.000,
E1,4.000,0.000,-5.8500E-02,-2.622,-2.858,0.6021,-7.525,0.6021,0.000,
E1,5.000,0.000,-7.1963E-02,-2.651,-2.881,0.6990,-7.610,0.6990,0.000,
E1,6.000,0.000,-8.5021E-02,-2.678,-2.909,0.7781,-7.693,0.7781,0.000,
E1,6.500,0.000,-9.1406E-02,-2.690,-2.923,0.8129,-7.734,0.8129,0.000,
E2,EndTable:,E1,
E2,
E2,
E2,Table E2,Basis species(log activity; log fugacity for O2(g)),
E2,Xi,t(days),H2O,HCO3-,Ca++,Cl-,H+,Na+,O2(g),
E2,0.000,0.000,0.0000,-3.0336,-3.3944,-10.0214,-7.2468,-10.0223,0.0000,
E2,1.000,0.000,-0.0147,-2.9385,-3.5992,-0.2342,-7.3566,-0.1641,0.0000,
E2,2.000,0.000,-0.0310,-3.0094,-3.4739,0.0358,-7.3021,0.1905,0.0000,
E2,3.000,0.000,-0.0493,-3.0984,-3.3142,0.1954,-7.2314,0.4412,0.0000,
E2,4.000,0.000,-0.0695,-3.1982,-3.1347,0.3095,-7.1517,0.6491,0.0000,
E2,5.000,0.000,-0.0915,-3.3048,-2.9435,0.3984,-7.0671,0.8318,0.0000,
E2,6.000,0.000,-0.1150,-3.4156,-2.7454,0.4715,-6.9798,0.9966,0.0000,
E2,6.500,0.000,-0.1273,-3.4721,-2.6446,0.5037,-6.9356,1.0734,0.0000,
E3,EndTable:,E2,
E3,
E3,
E3,Table E3,Basis species(log activity coefficient),
E3,Xi,t(days),H2O,HCO3-,Ca++,Cl-,H+,Na+,O2(g),
E3,0.000,0.000,0.0000,-0.0223,-0.0864,-0.0213,-0.0223,-0.0223,0.0000,
E3,1.000,0.000,0.0007,-0.3392,-0.7163,-0.2342,-0.0825,-0.1640,0.0000,
E3,2.000,0.000,-0.0008,-0.4297,-0.6281,-0.2652,0.0518,-0.1105,0.0000,
E3,3.000,0.000,-0.0047,-0.5035,-0.4700,-0.2817,0.2080,-0.0359,0.0000,
E3,4.000,0.000,-0.0110,-0.5765,-0.2764,-0.2926,0.3735,0.0470,0.0000,
E3,5.000,0.000,-0.0195,-0.6538,-0.0624,-0.3005,0.5430,0.1328,0.0000,
E3,6.000,0.000,-0.0300,-0.7378,0.1633,-0.3066,0.7136,0.2184,0.0000,
E3,6.500,0.000,-0.0359,-0.7826,0.2787,-0.3092,0.7986,0.2605,0.0000,
J,EndTable:,E3,
J,
J,
J,Table J,Moles of reactants destroyed/created,
J,Xi,t(days),Calcite,Halite,
J,0.000,0.000,0.000,0.000,
J,1.000,0.000,0.000,1.000,
J,2.000,0.000,0.000,2.000,
J,3.000,0.000,0.000,3.000,
J,4.000,0.000,0.000,4.000,
J,5.000,0.000,0.000,5.000,
J,6.000,0.000,0.000,6.000,
J,6.500,0.000,0.000,6.500,
K,EndTable:,J,
K,
K,
K,Table K,Affinities of reactants (kcal),
K,Xi,t(days),Total,Calcite,Halite,
K,0.000,0.000,35.9336,0.0000,35.9336,
K,1.000,0.000,3.2886,0.0000,3.2886,
K,2.000,0.000,2.2506,0.0000,2.2506,
K,3.000,0.000,1.5689,0.0000,1.5689,
K,4.000,0.000,1.0340,0.0000,1.0340,
K,5.000,0.000,0.5825,0.0000,0.5825,
K,6.000,0.000,0.1872,0.0000,0.1872,
K,6.500,0.000,0.0061,0.0000,0.0061,
P,EndTable:,K,
P,
P,
P,Table P,Moles of product minerals,
P,Xi,t(days),Calcite,fix_fCO2(g),
P,0.000,0.000,0.5012,0.1014,
P,1.000,0.000,0.5004,0.1007,
P,2.000,0.000,0.5003,0.1007,
P,3.000,0.000,0.5003,0.1007,
P,4.000,0.000,0.5003,0.1008,
P,5.000,0.000,0.5004,0.1009,
P,6.000,0.000,0.5005,0.1010,
P,6.500,0.000,0.5005,0.1010,
Q,EndTable:,P,
Q,
Q,
Q,Table Q,Saturation indices of potential product phases,
Q,Xi,t(days),Aragonite,Calcite,Portlandite,H2O,Gas,Antarcticite,Gaylussite,Halite,Na2CO3:7H2O,Nahcolite,Natrite,Natron,Pirssonite,Thermonatrite,Trona,CaCl2:4H2O,CaCl2:2H2O,NaOH,
Q,0.000,0.000,-0.2345,0.0000,-7.4286,0.0000,0.0000,
Q,1.000,0.000,-0.2345,0.0000,-7.4433,-0.0147,0.0000,-7.6918,-6.4223,-1.9790,-5.8920,-2.9699,-5.5976,-5.5714,-6.5560,-6.0130,-8.3368,
Q,2.000,0.000,-0.2345,0.0000,-7.4596,-0.0310,0.0000,-7.1244,-5.9201,-1.3544,-5.4225,-2.6861,-5.0138,-5.1510,-6.0048,-5.4454,-7.5019,-9.6338,
Q,3.000,0.000,-0.2345,0.0000,-7.4779,-0.0493,0.0000,-6.7553,-5.6700,-0.9442,-5.2090,-2.5245,-4.6722,-4.9923,-5.6998,-5.1222,-7.0352,-9.2281,-9.8452,
Q,4.000,0.000,-0.2345,0.0000,-7.4981,-0.0695,0.0000,-6.4688,-5.5348,-0.6222,-5.1142,-2.4165,-4.4360,-4.9582,-5.5041,-4.9062,-6.7315,-8.9012,-9.4780,
Q,5.000,0.000,-0.2345,0.0000,-7.5201,-0.0915,0.0000,-6.2315,-5.4704,-0.3505,-5.0937,-2.3403,-4.2618,-5.0036,-5.3737,-4.7539,-6.5250,-8.6199,-9.1528,
Q,6.000,0.000,-0.2345,0.0000,-7.5436,-0.1150,0.0000,-6.0284,-5.4565,-0.1127,-5.1268,-2.2863,-4.1302,-5.1073,-5.2893,-4.6459,-6.3865,-8.3698,-8.8556,-9.9600,
Q,6.500,0.000,-0.2345,0.0000,-7.5559,-0.1273,0.0000,-5.9370,-5.4649,-0.0036,-5.1598,-2.2660,-4.0772,-5.1770,-5.2608,-4.6052,-6.3377,-8.2538,-8.7151,-9.9396,
T,EndTable:,Q,
T,
T,
T,Table T,Fugacities (bars),
T,Xi,t(days),CO2(g),H2O(g),HCl(g),
T,0.000,0.000,1.0000E-02,0.6926,8.0196E-22,
T,1.000,0.000,1.0000E-02,0.6696,3.8151E-12,
T,2.000,0.000,1.0000E-02,0.6448,8.0548E-12,
T,3.000,0.000,1.0000E-02,0.6183,1.3688E-11,
T,4.000,0.000,1.0000E-02,0.5902,2.1383E-11,
T,5.000,0.000,1.0000E-02,0.5610,3.1891E-11,
T,6.000,0.000,1.0000E-02,0.5315,4.6131E-11,
T,6.500,0.000,1.0000E-02,0.5167,5.5006E-11,
W,EndTable:,T,
W,
W,
W,Table W,Overall mass and volume changes,
W,Xi,t(days),g destroyed,g created,g net,cc destroyed,cc created,cc net,
W,0.000,  0.000,0.000,54.63,54.63,0.000,0.000,0.000,
W,1.000,  0.000,58.44,54.51,-3.928,0.000,0.000,0.000,
W,2.000,  0.000,116.9,54.50,-62.38,0.000,0.000,0.000,
W,3.000,  0.000,175.3,54.50,-120.8,0.000,0.000,0.000,
W,4.000,  0.000,233.8,54.51,-179.3,0.000,0.000,0.000,
W,5.000,  0.000,292.2,54.52,-237.7,0.000,0.000,0.000,
W,6.000,  0.000,350.7,54.53,-296.1,0.000,0.000,0.000,
W,6.500,  0.000,379.9,54.54,-325.3,0.000,0.000,0.000,
Z,EndTable:,W,
Z,
Z,
Z,Table Z,Endfile,
Z,Endtable:,Z,
