A,Table A,Title information (filtered),
A,
A,Running EQ6 from EQ3/6-V8.0a (R43a) for PC,
A,---,
A,
A,EQ6 input file name= f24vc7k4.6i,
A,Description= 'React three salt minerals to find invariant point 'K4'',
A,Version level= 8.0,
A,Revised 10/13/08    Revisor= T.J. Wolery,
A,This is part of the WIPP EQ3/6-FMT comparison study.,
A,,
A,  Add 20.0 moles of Potassium Carbonate (K2CO3.3/2H2O) and 10 moles each of,
A,K-Na-Carbonate (KNaCO3.6H2O) and Sylvite (KCl) to 'pure' water containing,
A,trace amounts of Na; K; Cl; and HCO3. A reaction path is calculated to,
A,achieve this. The objective is to find the invariant point 'K4'.,
A,The invariant point involves these three minerals.,
A,,
A,  Note that ClO4-; O2(aq); and H2(aq) are suppressed in the initializing,
A,EQ3NR run. That carries over into the present EQ6 run. This is done for,
A,consistency with the original FMT test problem. Here also iopt(15) is set,
A,---,
A,
A,data0.fmt.R1,
A,PITZER THERMODYNAMIC DATABASE (12/04/2008),
A,data0.fmt.R1,
A,,
A, This file contains two revisions to data0.fmt.R0:,
A,,
A, ***** Aphi = 0.392; not 0.39 *****,
A, ***** beta(1) for NaCl = 0.2664; not 0.2644 *****,
A,,
A,Revision 1: Harvie et al. (1984) gave Aphi = 0.39. As documented by L.N.,
A,---,
B1,EndTable:,A,
B1,
B1,
B1,Table B1,Miscellaneous parameters I,
B1,Xi,t(days),Temp(C),Press(bars),pH,pmH,log fO2,Eh(v),pe,aw,
B1,0.000,0.000,25.0000,1.0132,6.9984,6.9982,-0.7000,-99999.0000,-99999.0000,1.0000,
B1,2.460,0.000,25.0000,1.0132,12.5315,12.2051,-0.7000,-99999.0000,-99999.0000,0.7207,
B1,4.405,0.000,25.0000,1.0132,12.9524,12.4860,-0.7000,-99999.0000,-99999.0000,0.6214,
B1,10.44,0.000,25.0000,1.0132,13.8110,13.1923,-0.7000,-99999.0000,-99999.0000,0.4171,
B2,EndTable:,B1,
B2,
B2,
B2,Table B2,Miscellaneous parameters II,
B2,Xi,t(days),H2O(kg),Alk(eq/kg.H2O),Signam(m),I(m),J(m),TDS(g/kg.sol),TDS(g/L),density(g/L),M/m,
B2,0.000,0.000,1.000,1.0042E-07,2.0084E-07,1.0042E-07,-3.7058E-22,0.0000,0.0000,1000.9600,1.0010,
B2,2.460,0.000,1.332,7.386,14.78,12.92,-3.685,382.0967,506.2576,1324.9461,0.8187,
B2,4.405,0.000,1.594,11.04,18.32,17.43,-5.513,439.4845,612.0470,1392.6474,0.7806,
B2,10.44,0.000,1.598,16.73,25.57,25.32,-8.356,533.6157,811.1212,1520.0476,0.7089,
C1,EndTable:,B2,
C1,
C1,
C1,Table C1,Dissolved elements(molality),
C1,Xi,t(days),C,Cl,K,Na,
C1,0.000,0.000,1.0000E-18,1.0000E-18,1.0000E-18,1.0000E-18,
C1,2.460,0.000,3.693,1.845,7.385,1.847,
C1,4.405,0.000,5.522,0.8744,9.160,2.758,
C1,10.44,0.000,8.364,0.2354,15.13,1.831,
C2,EndTable:,C1,
C2,
C2,
C2,Table C2,Dissolved elements(ppm: mg/kg.sol),
C2,Xi,t(days),C,Cl,K,Na,
C2,0.000,0.000,1.2011E-14,3.5453E-14,3.9098E-14,2.2990E-14,
C2,2.460,0.000,2.7409E+04,4.0418E+04,1.7841E+05,2.6232E+04,
C2,4.405,0.000,3.7175E+04,1.7376E+04,2.0074E+05,3.5545E+04,
C2,10.44,0.000,4.6853E+04,3892.,2.7593E+05,1.9633E+04,
C3,EndTable:,C2,
C3,
C3,
C3,Table C3,Dissolved elements(molarity),
C3,Xi,t(days),C,Cl,K,Na,
C3,0.000,0.000,1.0010E-18,1.0010E-18,1.0010E-18,1.0010E-18,
C3,2.460,0.000,3.024,1.511,6.046,1.512,
C3,4.405,0.000,4.310,0.6826,7.150,2.153,
C3,10.44,0.000,5.929,0.1669,10.73,1.298,
C4,EndTable:,C3,
C4,
C4,
C4,Table C4,Dissolved elements(ppm: mg/L),
C4,Xi,t(days),C,Cl,K,Na,
C4,0.000,0.000,1.2023E-14,3.5487E-14,3.9136E-14,2.3012E-14,
C4,2.460,0.000,3.6316E+04,5.3552E+04,2.3638E+05,3.4755E+04,
C4,4.405,0.000,5.1772E+04,2.4199E+04,2.7956E+05,4.9501E+04,
C4,10.44,0.000,7.1219E+04,5917.,4.1943E+05,2.9843E+04,
D1,EndTable:,C4,
D1,
D1,
D1,Table D1,Solute basis species(total molality),
D1,Xi,t(days),HCO3-,Cl-,H+,K+,Na+,
D1,0.000,0.000,1.0000E-18,1.0000E-18,-7.5984E-19,1.0000E-18,1.0000E-18,
D1,2.460,0.000,3.693,1.845,-3.693,7.385,1.847,
D1,4.405,0.000,5.522,0.8744,-5.522,9.160,2.758,
D1,10.44,0.000,8.364,0.2354,-8.364,15.13,1.831,
D2,EndTable:,D1,
D2,
D2,
D2,Table D2,Solute basis species(total ppm: mg/kg.sol),
D2,Xi,t(days),HCO3-,Cl-,H+,K+,Na+,
D2,0.000,0.000,0.0000,0.0000,0.0000,0.0000,0.0000,
D2,2.460,0.000,139242.6809,40418.2215,-2300.1450,178409.4543,26231.6309,
D2,4.405,0.000,188854.4420,17376.4993,-3119.6799,200739.9200,35544.6434,
D2,10.44,0.000,238017.7635,3892.3999,-3931.8071,275934.8460,19633.2116,
D3,EndTable:,D2,
D3,
D3,
D3,Table D3,Solute basis species(total molarity),
D3,Xi,t(days),HCO3-,Cl-,H+,K+,Na+,
D3,0.000,0.000,1.0010E-18,1.0010E-18,-7.6057E-19,1.0010E-18,1.0010E-18,
D3,2.460,0.000,3.024,1.511,-3.024,6.046,1.512,
D3,4.405,0.000,4.310,0.6826,-4.310,7.150,2.153,
D3,10.44,0.000,5.929,0.1669,-5.929,10.73,1.298,
D4,EndTable:,D3,
D4,
D4,
D4,Table D4,Solute basis species(total ppm: mg/L),
D4,Xi,t(days),HCO3-,Cl-,H+,K+,Na+,
D4,0.000,0.000,0.0000,0.0000,0.0000,0.0000,0.0000,
D4,2.460,0.000,184489.0621,53551.9693,-3047.5684,236382.9300,34755.4999,
D4,4.405,0.000,263007.6667,24199.3383,-4344.6144,279559.9481,49501.1589,
D4,10.44,0.000,361798.3406,5916.6333,-5976.5341,419434.1124,29843.4170,
E1,EndTable:,D4,
E1,
E1,
E1,Table E1,Basis species(log true molality; log mole fraction for H2O, log fugacity for O2(g)),
E1,Xi,t(days),H2O,HCO3-,Cl-,H+,K+,Na+,O2(g),
E1,0.000,0.000,-1.5713E-09,-18.09,-18.00,-6.998,-18.00,-18.00,-0.7000,
E1,2.460,0.000,-0.1025,-2.069,0.2660,-12.21,0.8683,0.2664,-0.7000,
E1,4.405,0.000,-0.1239,-2.056,-5.8275E-02,-12.49,0.9619,0.4407,-0.7000,
E1,10.44,0.000,-0.1646,-2.084,-0.6282,-13.19,1.180,0.2627,-0.7000,
E2,EndTable:,E1,
E2,
E2,
E2,Table E2,Basis species(log activity; log fugacity for O2(g)),
E2,Xi,t(days),H2O,HCO3-,Cl-,H+,K+,Na+,O2(g),
E2,0.000,0.000,0.0000,-18.0860,-18.0002,-6.9984,-18.0002,-18.0002,-0.7000,
E2,2.460,0.000,-0.1422,-2.8297,-0.0355,-12.5315,0.9354,0.0793,-0.7000,
E2,4.405,0.000,-0.2067,-2.9388,-0.2816,-12.9524,1.1815,0.2682,-0.7000,
E2,10.44,0.000,-0.3797,-3.1710,-0.7509,-13.8110,1.6508,0.2109,-0.7000,
E3,EndTable:,E2,
E3,
E3,
E3,Table E3,Basis species(log activity coefficient),
E3,Xi,t(days),H2O,HCO3-,Cl-,H+,K+,Na+,O2(g),
E3,0.000,0.000,0.0000,-0.0002,-0.0002,-0.0002,-0.0002,-0.0002,0.0000,
E3,2.460,0.000,-0.0397,-0.7604,-0.3015,-0.3264,0.0671,-0.1871,0.0000,
E3,4.405,0.000,-0.0828,-0.8825,-0.2233,-0.4664,0.2196,-0.1725,0.0000,
E3,10.44,0.000,-0.2152,-1.0871,-0.1227,-0.6188,0.4709,-0.0518,0.0000,
J,EndTable:,E3,
J,
J,
J,Table J,Moles of reactants destroyed/created,
J,Xi,t(days),K2CO3.3/2H2O,KNaCO3.6H2O,Sylvite,
J,0.000,0.000,0.000,0.000,0.000,
J,2.460,0.000,2.460,2.460,2.460,
J,4.405,0.000,4.405,4.405,2.460,
J,10.44,0.000,10.44,4.405,2.460,
K,EndTable:,J,
K,
K,
K,Table K,Affinities of reactants (kcal),
K,Xi,t(days),Total,K2CO3.3/2H2O,KNaCO3.6H2O,Sylvite,
K,0.000,0.000,211.0161,82.4847,78.1890,50.3424,
K,2.460,0.000,3.2371,2.7458,0.4912,0.0000,
K,4.405,0.000,1.7810,1.7810,0.0000,0.0000,
K,10.44,0.000,0.0000,0.0000,0.0000,0.0000,
P,EndTable:,K,
P,
P,
P,Table P,Moles of product minerals,
P,Xi,t(days),Sylvite,KNaCO3.6H2O,K2CO3.3/2H2O,
P,0.000,0.000,
P,2.460,0.000,7.542,
P,4.405,0.000,8.606,5.603,
P,10.44,0.000,9.624,7.073,9.559,
Q,EndTable:,P,
Q,
Q,
Q,Table Q,Saturation indices of potential product phases,
Q,Xi,t(days),H2O,Gas,Halite,Kalicinite,Nahcolite,Natron,K2CO3.3/2H2O,KNaCO3.6H2O,K_Trona,Na2CO3.7H2O,Sylvite,Thermonatrite,Trona,K8H4(CO3)6.3H2O,
Q,0.000,0.000,0.0000,0.0000,
Q,2.460,0.000,-0.1422,0.0000,-1.5266,-2.1756,-2.3474,-1.0763,-2.0127,-0.3601,-3.0379,-1.0142,0.0000,-1.1029,-2.4692,
Q,4.405,0.000,-0.2067,0.0000,-1.5838,-2.0387,-2.2676,-1.0311,-1.3054,0.0000,-2.2831,-0.7758,0.0000,-0.4778,-1.8289,
Q,10.44,0.000,-0.3797,0.0000,-2.1104,-1.8016,-2.5571,-2.2500,0.0000,0.0000,-1.3537,-1.4754,0.0000,-0.1390,-1.9526,-7.0242,
T,EndTable:,Q,
T,
T,
T,Table T,Fugacities (bars),
T,Xi,t(days),CO2(g),H2O(g),
T,0.000,0.000,5.4313E-18,3.1630E-02,
T,2.460,0.000,3.9843E-08,2.2797E-02,
T,4.405,0.000,1.3638E-08,1.9654E-02,
T,10.44,0.000,1.6482E-09,1.3194E-02,
W,EndTable:,T,
W,
W,
W,Table W,Overall mass and volume changes,
W,Xi,t(days),g destroyed,g created,g net,cc destroyed,cc created,cc net,
W,0.000,  0.000,0.000,0.000,0.000,0.000,0.000,0.000,
W,2.460,  0.000,1156.,562.3,-593.8,0.000,0.000,0.000,
W,4.405,  0.000,1925.,1931.,6.018,0.000,0.000,0.000,
W,10.44,  0.000,2923.,3925.,1002.,0.000,0.000,0.000,
X,EndTable:,W,
X,
X,
X,Table X,Solid solution mole fractions,
X,Xi,t(days),
X,0.000,0.000,
X,2.460,0.000,
X,4.405,0.000,
X,10.44,0.000,
Z,EndTable:,X,
Z,
Z,
Z,Table Z,Endfile,
Z,Endtable:,Z,
