A,Table A,Title information (filtered),
A,
A,Running EQ6 from EQ3/6-V8.0a (R43a) for PC,
A,---,
A,
A,EQ6 input file name= gypnaclx.6i,
A,Description= 'React Halite and Gypsum to find the mutual solubility point',
A,Version level= 8.0,
A,Revised 12/30/08    Revisor= T.J. Wolery,
A,This is part of the WIPP EQ3/6-FMT comparison study.,
A,,
A,  Add 10.0 moles of Halite (NaCl) and 1.0 mole of Gypsum (CaSO4.2H2O) to,
A,'pure' water containing trace amounts of Na; K; Cl; and SO4. A reaction path,
A,is calculated to achieve this. The objective is to find the invariant point,
A,representing the mutual solubility of these two minerals. This problem,
A,is a simplification of the original EQ3/6 test case gypnacl.6i. This problem,
A,is closely analogous to those in the 'f24vc7' series that are also used in,
A,the WIPP EQ3/6-FMT comparison study.,
A,,
A,  Note that ClO4-; O2(aq); and H2(aq) are suppressed in the initializing,
A,---,
A,
A,data0.fmt.R1,
A,PITZER THERMODYNAMIC DATABASE (12/04/2008),
A,data0.fmt.R1,
A,,
A, This file contains two revisions to data0.fmt.R0:,
A,,
A, ***** Aphi = 0.392; not 0.39 *****,
A, ***** beta(1) for NaCl = 0.2664; not 0.2644 *****,
A,,
A,Revision 1: Harvie et al. (1984) gave Aphi = 0.39. As documented by L.N.,
A,---,
B1,EndTable:,A,
B1,
B1,
B1,Table B1,Miscellaneous parameters I,
B1,Xi,t(days),Temp(C),Press(bars),pH,pmH,log fO2,Eh(v),pe,aw,
B1,0.000,0.000,25.0000,1.0132,6.9984,6.9982,-0.7000,-99999.0000,-99999.0000,1.0000,
B1,1.6855E-02,0.000,25.0000,1.0132,7.0692,6.9575,-0.7000,-99999.0000,-99999.0000,0.9990,
B1,6.085,0.000,25.0000,1.0132,6.6957,7.3546,-0.7000,-99999.0000,-99999.0000,0.7533,
B2,EndTable:,B1,
B2,
B2,
B2,Table B2,Miscellaneous parameters II,
B2,Xi,t(days),H2O(kg),Alk(eq/kg.H2O),Signam(m),I(m),J(m),TDS(g/kg.sol),TDS(g/L),density(g/L),M/m,
B2,0.000,0.000,1.000,1.0042E-07,2.0084E-07,1.0042E-07,7.5042E-21,0.0000,0.0000,1000.9600,1.0010,
B2,1.6855E-02,0.000,1.001,1.6051E-07,6.7347E-02,8.4158E-02,5.0235E-08,3.2648,3.2748,1003.0557,0.9998,
B2,6.085,0.000,1.002,7.2584E-08,12.24,6.253,2.8386E-08,265.2678,319.8148,1205.6296,0.8858,
C1,EndTable:,B2,
C1,
C1,
C1,Table C1,Dissolved elements(molality),
C1,Xi,t(days),Ca,Cl,Na,S,
C1,0.000,0.000,1.0000E-18,1.0000E-18,1.0000E-18,1.0000E-18,
C1,1.6855E-02,0.000,1.6828E-02,1.6845E-02,1.6845E-02,1.6828E-02,
C1,6.085,0.000,4.5178E-02,6.072,6.072,4.5178E-02,
C2,EndTable:,C1,
C2,
C2,
C2,Table C2,Dissolved elements(ppm: mg/kg.sol),
C2,Xi,t(days),Ca,Cl,Na,S,
C2,0.000,0.000,4.0078E-14,3.5453E-14,2.2990E-14,3.2066E-14,
C2,1.6855E-02,0.000,672.2,595.3,386.0,537.8,
C2,6.085,0.000,1330.,1.5818E+05,1.0257E+05,1064.,
C3,EndTable:,C2,
C3,
C3,
C3,Table C3,Dissolved elements(molarity),
C3,Xi,t(days),Ca,Cl,Na,S,
C3,0.000,0.000,1.0010E-18,1.0010E-18,1.0010E-18,1.0010E-18,
C3,1.6855E-02,0.000,1.6824E-02,1.6841E-02,1.6841E-02,1.6824E-02,
C3,6.085,0.000,4.0019E-02,5.379,5.379,4.0019E-02,
C4,EndTable:,C3,
C4,
C4,
C4,Table C4,Dissolved elements(ppm: mg/L),
C4,Xi,t(days),Ca,Cl,Na,S,
C4,0.000,0.000,4.0116E-14,3.5487E-14,2.3012E-14,3.2097E-14,
C4,1.6855E-02,0.000,674.3,597.1,387.2,539.5,
C4,6.085,0.000,1604.,1.9070E+05,1.2366E+05,1283.,
D1,EndTable:,C4,
D1,
D1,
D1,Table D1,Solute basis species(total molality),
D1,Xi,t(days),Ca++,Cl-,H+,Na+,SO4--,
D1,0.000,0.000,1.0000E-18,1.0000E-18,-7.1487E-19,1.0000E-18,1.0000E-18,
D1,1.6855E-02,0.000,1.6828E-02,1.6845E-02,2.1026E-16,1.6845E-02,1.6828E-02,
D1,6.085,0.000,4.5178E-02,6.072,-2.2152E-14,6.072,4.5178E-02,
D2,EndTable:,D1,
D2,
D2,
D2,Table D2,Solute basis species(total ppm: mg/kg.sol),
D2,Xi,t(days),Ca++,Cl-,H+,Na+,SO4--,
D2,0.000,0.000,0.0000,0.0000,0.0000,0.0000,0.0000,
D2,1.6855E-02,0.000,672.2348,595.2563,0.0000,386.0018,1611.2904,
D2,6.085,0.000,1330.3266,158176.9263,0.0000,102571.9100,3188.6811,
D3,EndTable:,D2,
D3,
D3,
D3,Table D3,Solute basis species(total molarity),
D3,Xi,t(days),Ca++,Cl-,H+,Na+,SO4--,
D3,0.000,0.000,1.0010E-18,1.0010E-18,-7.1556E-19,1.0010E-18,1.0010E-18,
D3,1.6855E-02,0.000,1.6824E-02,1.6841E-02,2.1022E-16,1.6841E-02,1.6824E-02,
D3,6.085,0.000,4.0019E-02,5.379,-1.9622E-14,5.379,4.0019E-02,
D4,EndTable:,D3,
D4,
D4,
D4,Table D4,Solute basis species(total ppm: mg/L),
D4,Xi,t(days),Ca++,Cl-,H+,Na+,SO4--,
D4,0.000,0.000,0.0000,0.0000,0.0000,0.0000,0.0000,
D4,1.6855E-02,0.000,674.2890,597.0753,0.0000,387.1814,1616.2142,
D4,6.085,0.000,1603.8812,190702.7991,0.0000,123663.7404,3844.3686,
E1,EndTable:,D4,
E1,
E1,
E1,Table E1,Basis species(log true molality; log mole fraction for H2O, log fugacity for O2(g)),
E1,Xi,t(days),H2O,Ca++,Cl-,H+,Na+,SO4--,O2(g),
E1,0.000,0.000,-1.5713E-09,-18.00,-18.00,-6.998,-18.00,-18.00,-0.7000,
E1,1.6855E-02,0.000,-5.2660E-04,-1.774,-1.774,-6.958,-1.774,-1.774,-0.7000,
E1,6.085,0.000,-8.6510E-02,-1.345,0.7834,-7.355,0.7834,-1.345,-0.7000,
E2,EndTable:,E1,
E2,
E2,
E2,Table E2,Basis species(log activity; log fugacity for O2(g)),
E2,Xi,t(days),H2O,Ca++,Cl-,H+,Na+,SO4--,O2(g),
E2,0.000,0.000,0.0000,-18.0006,-18.0002,-6.9984,-18.0002,-18.0007,-0.7000,
E2,1.6855E-02,0.000,-0.0004,-2.2848,-1.8682,-7.0692,-1.8768,-2.2949,-0.7000,
E2,6.085,0.000,-0.1230,-1.2503,0.7906,-6.6957,0.7798,-3.0842,-0.7000,
E3,EndTable:,E2,
E3,
E3,
E3,Table E3,Basis species(log activity coefficient),
E3,Xi,t(days),H2O,Ca++,Cl-,H+,Na+,SO4--,O2(g),
E3,0.000,0.000,0.0000,-0.0006,-0.0002,-0.0002,-0.0002,-0.0006,0.0000,
E3,1.6855E-02,0.000,0.0001,-0.5108,-0.0947,-0.1117,-0.1033,-0.5209,0.0000,
E3,6.085,0.000,-0.0365,0.0948,0.0072,0.6589,-0.0035,-1.7391,0.0000,
J,EndTable:,E3,
J,
J,
J,Table J,Moles of reactants destroyed/created,
J,Xi,t(days),Halite,Gypsum,
J,0.000,0.000,0.000,0.000,
J,1.6855E-02,0.000,1.6855E-02,1.6855E-02,
J,6.085,0.000,6.085,1.6855E-02,
K,EndTable:,J,
K,
K,
K,Table K,Affinities of reactants (kcal),
K,Xi,t(days),Total,Halite,Gypsum,
K,0.000,0.000,94.1241,51.2572,42.8669,
K,1.6855E-02,0.000,7.2517,7.2517,0.0000,
K,6.085,0.000,0.0000,0.0000,0.0000,
P,EndTable:,K,
P,
P,
P,Table P,Moles of product minerals,
P,Xi,t(days),Gypsum,Halite,
P,0.000,0.000,
P,1.6855E-02,0.000,0.9832,
P,6.085,0.000,0.9547,3.918,
Q,EndTable:,P,
Q,
Q,
Q,Table Q,Saturation indices of potential product phases,
Q,Xi,t(days),H2O,Anhydrite,Glauberite,Gypsum,Halite,Mirabilite,Thenardite,CaCl2.4H2O,Labile_Salt,Na3H(SO4)2,
Q,0.000,0.000,0.0000,
Q,1.6855E-02,0.000,-0.0004,-0.2175,-5.3836,0.0000,-5.3154,-4.8250,-5.7610,
Q,6.085,0.000,-0.1230,0.0277,-0.6144,0.0000,0.0000,-1.5270,-1.2370,-5.8784,-1.9572,-9.7102,
T,EndTable:,Q,
T,
T,
T,Table T,Fugacities (bars),
T,Xi,t(days),H2O(g),
T,0.000,0.000,3.1630E-02,
T,1.6855E-02,0.000,3.1599E-02,
T,6.085,0.000,2.3827E-02,
W,EndTable:,T,
W,
W,
W,Table W,Overall mass and volume changes,
W,Xi,t(days),g destroyed,g created,g net,cc destroyed,cc created,cc net,
W,0.000,  0.000,0.000,0.000,0.000,0.000,0.000,0.000,
W,1.6855E-02,  0.000,3.887,169.3,165.4,0.000,0.000,0.000,
W,6.085,  0.000,358.5,393.3,34.84,0.000,0.000,0.000,
X,EndTable:,W,
X,
X,
X,Table X,Solid solution mole fractions,
X,Xi,t(days),
X,0.000,0.000,
X,1.6855E-02,0.000,
X,6.085,0.000,
Z,EndTable:,X,
Z,
Z,
Z,Table Z,Endfile,
Z,Endtable:,Z,
