A,Table A,Title information (filtered),
A,
A,Running EQ6 from EQ3/6-V8.0a (R43a) for PC,
A,---,
A,
A,EQ6 input file name= heatqf.6i,
A,Description= 'Heat a quenched fluid to find the in situ pH',
A,Version level= 8.0,
A,Revised 02/18/97    Revisor= T.J. Wolery,
A,This is part of the EQ3/6 Test Case Library,
A,,
A,  Heat quenched fluid from a hydrothermal experiment involving the reaction,
A,of water with vitric tuff. This fluid is for day 16 of the 150C experiment,
A,reported by Knauss and Peifer (1986; Appendix B2; p. 31). In Table 4; p. 12;,
A,they report a calculated in situ pH of 6.39.,
A,,
A,  Purpose: to test the ability of the code to compute the high temperature;,
A,in situ pH of a fluid from the measured quench pH.,
A,,
A,  In previous versions of this test case; the temperature was stepped up,
A,---,
A,
A,data0.com.V8.R6,
A,CII: GEMBOCHS.V2-EQ8-data0.com.V8.R6,
A,THERMODYNAMIC DATABASE,
A,generated by GEMBOCHS.V2-Jewel.src.R5 03-dec-1996 14:19:25,
A,Output package:  eq3,
A,Data set:        com,
A,+--------------------------------------------------------------------,
A,---,
B1,EndTable:,A,
B1,
B1,
B1,Table B1,Miscellaneous parameters I,
B1,Xi,t(days),Temp(C),Press(bars),pH,pmH,log fO2,Eh(v),pe,aw,
B1,0.000,0.000,150.0000,4.7572,6.3783,6.3468,-0.5628,0.6678,7.9542,0.9998,
B2,EndTable:,B1,
B2,
B2,
B2,Table B2,Miscellaneous parameters II,
B2,Xi,t(days),H2O(kg),Alk(eq/kg.H2O),Signam(m),I(m),J(m),TDS(g/kg.sol),TDS(g/L),density(g/L),M/m,
B2,0.000,0.000,1.000,7.7458E-04,1.1940E-02,2.7972E-03,1.4475E-04,0.5799,0.0000,0.0000,0.0000,
C1,EndTable:,B2,
C1,
C1,
C1,Table C1,Dissolved elements(molality),
C1,Xi,t(days),Al,Ca,Cl,F,C,K,Mg,N,Na,S,Si,
C1,0.000,0.000,5.1887E-05,1.3474E-04,2.1155E-04,1.2106E-04,2.3305E-03,4.0922E-04,6.1716E-06,1.0644E-04,2.5420E-03,2.3838E-04,5.5539E-03,
C2,EndTable:,C1,
C2,
C2,
C2,Table C2,Dissolved elements(ppm: mg/kg.sol),
C2,Xi,t(days),Al,Ca,Cl,F,C,K,Mg,N,Na,S,Si,
C2,0.000,0.000,1.399,5.397,7.496,2.299,27.98,15.99,0.1499,1.490,58.41,7.640,155.9,
D1,EndTable:,C2,
D1,
D1,
D1,Table D1,Solute basis species(total molality),
D1,Xi,t(days),Al+++,Ca++,Cl-,F-,H+,HCO3-,K+,Mg++,NO3-,Na+,SO4--,SiO2(aq),
D1,0.000,0.000,5.1887E-05,1.3474E-04,2.1155E-04,1.2106E-04,1.3319E-03,2.3305E-03,4.0922E-04,6.1716E-06,1.0644E-04,2.5420E-03,2.3838E-04,5.5539E-03,
D2,EndTable:,D1,
D2,
D2,
D2,Table D2,Solute basis species(total ppm: mg/kg.sol),
D2,Xi,t(days),Al+++,Ca++,Cl-,F-,H+,HCO3-,K+,Mg++,NO3-,Na+,SO4--,SiO2(aq),
D2,0.000,0.000,1.3992,5.3969,7.4956,2.2987,1.3417,142.1173,15.9907,0.1499,6.5962,58.4060,22.8867,333.5059,
E1,EndTable:,D2,
E1,
E1,
E1,Table E1,Basis species(log true molality; log mole fraction for H2O, log fugacity for O2(g)),
E1,Xi,t(days),H2O,Al+++,Ca++,Cl-,F-,H+,HCO3-,K+,Mg++,NO3-,Na+,SO4--,SiO2(aq),O2(g),
E1,0.000,0.000,-9.3405E-05,-15.90,-3.930,-3.675,-3.923,-6.347,-3.118,-3.390,-5.606,-3.973,-2.595,-3.656,-2.257,-0.5628,
E2,EndTable:,E1,
E2,
E2,
E2,Table E2,Basis species(log activity; log fugacity for O2(g)),
E2,Xi,t(days),H2O,Al+++,Ca++,Cl-,F-,H+,HCO3-,K+,Mg++,NO3-,Na+,SO4--,SiO2(aq),O2(g),
E2,0.000,0.000,-0.0001,-16.1778,-4.0615,-3.7088,-3.9561,-6.3783,-3.1510,-3.4252,-5.7330,-4.0065,-2.6293,-3.7896,-2.2570,-0.5628,
E3,EndTable:,E2,
E3,
E3,
E3,Table E3,Basis species(log activity coefficient),
E3,Xi,t(days),H2O,Al+++,Ca++,Cl-,F-,H+,HCO3-,K+,Mg++,NO3-,Na+,SO4--,SiO2(aq),O2(g),
E3,0.000,0.000,0.0000,-0.2811,-0.1315,-0.0336,-0.0333,-0.0315,-0.0330,-0.0348,-0.1273,-0.0336,-0.0342,-0.1336,0.0000,0.0000,
J,EndTable:,E3,
J,
J,
J,Table J,Moles of reactants destroyed/created,
J,Xi,t(days),
J,0.000,0.000,
K,EndTable:,J,
K,
K,
K,Table K,Affinities of reactants (kcal),
K,Xi,t(days),Total,
K,0.000,0.000,0.0000,
P,EndTable:,K,
P,
P,
P,Table P,Moles of product minerals,
P,Xi,t(days),
P,0.000,0.000,
Q,EndTable:,P,
Q,
Q,
Q,Table Q,Saturation indices of potential product phases,
Q,Xi,t(days),Akermanite,AlF3,Albite,Albite_high,Albite_low,Alunite,Amesite-14A,Analcime,Analcime-dehy,Andalusite,Anhydrite,Anorthite,Anthophyllite,Aragonite,Arcanite,Artinite,Bassanite,Beidellite-Ca,Beidellite-H,Beidellite-K,Beidellite-Mg,Beidellite-Na,Boehmite,Brucite,Ca-Al_Pyroxene,CaAl2O4,CaSO4:0.5H2O(beta),Calcite,Celadonite,Chalcedony,Chrysotile,Clinochlore-14A,Clinochlore-7A,Clinozoisite,Coesite,Cordierite_anhyd,Cordierite_hydr,Corundum,Cristobalite(alpha),Cristobalite(beta),Dawsonite,Diaspore,Diopside,Dolomite,Dolomite-dis,Dolomite-ord,Enstatite,Fluorite,Forsterite,Gehlenite,Gibbsite,Grossular,Gypsum,Gyrolite,Halite,Huntite,Ice,Illite,Jadeite,K-Feldspar,Kalsilite,Kaolinite,Kyanite,Laumontite,Lawsonite,Magnesite,Margarite,Maximum_Microcline,Mesolite,Mg1.25SO4(OH)0.5:0.5H2O,Mg1.5SO4(OH),MgSO4,Monohydrocalcite,Monticellite,Montmor-Ca,Montmor-K,Montmor-Mg,Montmor-Na,Mordenite,Mordenite-dehy,Muscovite,Nahcolite,Natrolite,Nepheline,Nesquehonite,Niter,Okenite,Paragonite,Pargasite,Periclase,Phlogopite,Portlandite,Prehnite,Pseudowollastonite,Pyrophyllite,Quartz,Sanidine_high,Saponite-Ca,Saponite-H,Saponite-K,Saponite-Mg,Saponite-Na,Scolecite,Sellaite,Sepiolite,SiO2(am),Sillimanite,Spinel,Stilbite,Sylvite,Talc,Thenardite,Tremolite,Tridymite,Wairakite,Wollastonite,Zoisite,H2O,Gas,
Q,0.000,0.000,-9.7082,-7.6611,1.1392,0.3902,1.1392,-6.6937,2.0999,0.4251,-3.7421,0.6333,-1.5769,0.3724,-7.8874,-1.0808,-9.1316,-8.4518,-2.2471,4.7092,3.8150,3.9238,4.6170,4.0695,1.3893,-3.6743,-4.1648,-9.3461,-2.3278,-0.9340,1.8072,0.2710,-2.8526,-0.3818,-3.1084,1.6137,-0.1260,-2.6802,-1.1807,2.6098,0.1074,-0.1391,-3.3643,1.6268,-2.0792,-1.9905,-2.8998,-1.9891,-1.9313,-1.7084,-5.1512,-9.1582,0.8716,-2.7628,-2.4213,-7.0097,-7.7880,-8.3513,-0.7020,4.0189,-0.9661,2.0072,-1.0942,3.4186,0.6800,3.1772,1.5389,-2.1537,3.3389,2.0272,4.2136,-7.1733,-7.9117,-8.7567,-2.5169,-5.6445,4.1976,3.4981,4.1439,3.6049,1.6466,-7.9688,5.6550,-6.3397,-1.0764,-1.9067,-7.0651,-8.7068,-5.0338,4.0647,-9.4105,-6.6139,-0.1022,-7.2752,1.2458,-3.0232,3.6634,0.4621,1.4018,0.9844,0.0909,0.1990,0.8818,0.3441,3.9313,-2.8364,-6.1715,-0.2774,0.4340,-3.8378,6.4622,-8.4637,-0.0097,-7.8984,-2.8496,0.2142,1.6767,-2.9366,1.5887,-0.0001,0.0000,
T,EndTable:,Q,
T,
T,
T,Table T,Fugacities (bars),
T,Xi,t(days),Al(g),C(g),C2H4(g),CH4(g),CO(g),CO2(g),Ca(g),Chlorine,Fluorine,H2(g),H2O(g),H2S(g),HCl(g),HF(g),K(g),Mg(g),Nitrogen,NH3(g),NO(g),NO2(g),Na(g),O2(g),S2(g),SO2(g),Si(g),SiF4(g),
T,0.000,0.000,1.4494-128,3.4878-130,4.4577-161,7.5206E-98,1.3251E-31,0.1738,2.3318-103,2.5820E-22,3.4289E-58,2.7146E-27,3.875,8.7202E-94,6.3071E-13,1.1151E-08,1.4547E-53,7.6516E-88,5.5315E-10,9.1027E-45,2.0367E-12,5.3486E-04,8.3885E-52,0.2737,1.5926-150,2.3985E-35,2.1875-150,1.3328E-25,
W,EndTable:,T,
W,
W,
W,Table W,Overall mass and volume changes,
W,Xi,t(days),g destroyed,g created,g net,cc destroyed,cc created,cc net,
W,0.000,  0.000,0.000,0.000,0.000,0.000,0.000,0.000,
Z,EndTable:,W,
Z,
Z,
Z,Table Z,Endfile,
Z,Endtable:,Z,
