A,Table A,Title information (filtered),
A,
A,Running EQ6 from EQ3/6-V8.0a (R43a) for PC,
A,---,
A,
A,EQ6 input file name= pptmins.6i,
A,Description= 'Precipitate minerals from sea water',
A,Version level= 8.0,
A,Revised 02/18/97    Revisor= T.J. Wolery,
A,This is part of the EQ3/6 Test Case Library,
A,,
A,  Precipitate minerals from sea water; so as to eliminate any cases of,
A,supersaturation. No reaction path is calculated; and no reactants are,
A,defined.,
A,,
A,  Purpose: to demonstrate the ability of the code to find an equilibrium,
A,assemblage of minerals and aqueous solution; starting with a solution which,
A,is supersaturated with respect to a great many minerals.,
A,,
A,  The sea water composition is taken from the sea water test case of,
A,---,
A,
A,data0.com.V8.R6,
A,CII: GEMBOCHS.V2-EQ8-data0.com.V8.R6,
A,THERMODYNAMIC DATABASE,
A,generated by GEMBOCHS.V2-Jewel.src.R5 03-dec-1996 14:19:25,
A,Output package:  eq3,
A,Data set:        com,
A,+--------------------------------------------------------------------,
A,---,
B1,EndTable:,A,
B1,
B1,
B1,Table B1,Miscellaneous parameters I,
B1,Xi,t(days),Temp(C),Press(bars),pH,pmH,log fO2,Eh(v),pe,aw,
B1,0.000,0.000,25.0000,1.0132,6.7553,6.6432,-0.7367,0.8188,13.8406,0.9823,
B2,EndTable:,B1,
B2,
B2,
B2,Table B2,Miscellaneous parameters II,
B2,Xi,t(days),H2O(kg),Alk(eq/kg.H2O),Signam(m),I(m),J(m),TDS(g/kg.sol),TDS(g/L),density(g/L),M/m,
B2,0.000,0.000,1.000,1.3318E-03,1.082,0.6225,3.6571E-02,33.9332,34.7198,1023.1794,0.9885,
C1,EndTable:,B2,
C1,
C1,
C1,Table C1,Dissolved elements(molality),
C1,Xi,t(days),Al,B,Br,Ca,Cl,F,Fe,C,P,I,K,Mg,Na,S,Si,Sr,
C1,0.000,0.000,3.3653E-09,4.2665E-04,8.4226E-04,1.0047E-02,0.5459,7.2951E-05,3.5480E-13,1.5440E-03,1.7193E-08,4.8855E-07,1.0208E-02,5.2910E-02,0.4684,2.8231E-02,7.1151E-05,9.2901E-05,
C2,EndTable:,C1,
C2,
C2,
C2,Table C2,Dissolved elements(ppm: mg/kg.sol),
C2,Xi,t(days),Al,B,Br,Ca,Cl,F,Fe,C,P,I,K,Mg,Na,S,Si,Sr,
C2,0.000,0.000,8.7720E-05,4.456,65.02,389.0,1.8696E+04,1.339,1.9142E-08,17.92,5.1446E-04,5.9896E-02,385.6,1242.,1.0403E+04,874.5,1.930,7.864,
C3,EndTable:,C2,
C3,
C3,
C3,Table C3,Dissolved elements(molarity),
C3,Xi,t(days),Al,B,Br,Ca,Cl,F,Fe,C,P,I,K,Mg,Na,S,Si,Sr,
C3,0.000,0.000,3.3265E-09,4.2172E-04,8.3254E-04,9.9314E-03,0.5396,7.2109E-05,3.5071E-13,1.5262E-03,1.6995E-08,4.8292E-07,1.0090E-02,5.2300E-02,0.4630,2.7905E-02,7.0330E-05,9.1829E-05,
C4,EndTable:,C3,
C4,
C4,
C4,Table C4,Dissolved elements(ppm: mg/L),
C4,Xi,t(days),Al,B,Br,Ca,Cl,F,Fe,C,P,I,K,Mg,Na,S,Si,Sr,
C4,0.000,0.000,8.9754E-05,4.559,66.52,398.0,1.9130E+04,1.370,1.9586E-08,18.33,5.2639E-04,6.1284E-02,394.5,1271.,1.0644E+04,894.8,1.975,8.046,
D1,EndTable:,C4,
D1,
D1,
D1,Table D1,Solute basis species(total molality),
D1,Xi,t(days),Al+++,B(OH)3(aq),Br-,Ca++,Cl-,F-,Fe++,H+,HCO3-,HPO4--,I-,K+,Mg++,Na+,SO4--,SiO2(aq),Sr++,
D1,0.000,0.000,3.3653E-09,4.2665E-04,8.4226E-04,1.0047E-02,0.5459,7.2951E-05,3.5480E-13,2.0894E-04,1.5440E-03,1.7193E-08,4.8855E-07,1.0208E-02,5.2910E-02,0.4684,2.8231E-02,7.1151E-05,9.2901E-05,
D2,EndTable:,D1,
D2,
D2,
D2,Table D2,Solute basis species(total ppm: mg/kg.sol),
D2,Xi,t(days),Al+++,B(OH)3(aq),Br-,Ca++,Cl-,F-,Fe++,H+,HCO3-,HPO4--,I-,K+,Mg++,Na+,SO4--,SiO2(aq),Sr++,
D2,0.000,0.000,0.0001,25.4858,65.0160,389.0139,18696.2078,1.3389,0.0000,0.2035,91.0164,0.0016,0.0599,385.5555,1242.3484,10402.5611,2619.9616,4.1300,7.8637,
D3,EndTable:,D2,
D3,
D3,
D3,Table D3,Solute basis species(total molarity),
D3,Xi,t(days),Al+++,B(OH)3(aq),Br-,Ca++,Cl-,F-,Fe++,H+,HCO3-,HPO4--,I-,K+,Mg++,Na+,SO4--,SiO2(aq),Sr++,
D3,0.000,0.000,3.3265E-09,4.2172E-04,8.3254E-04,9.9314E-03,0.5396,7.2109E-05,3.5071E-13,2.0653E-04,1.5262E-03,1.6995E-08,4.8292E-07,1.0090E-02,5.2300E-02,0.4630,2.7905E-02,7.0330E-05,9.1829E-05,
D4,EndTable:,D3,
D4,
D4,
D4,Table D4,Solute basis species(total ppm: mg/L),
D4,Xi,t(days),Al+++,B(OH)3(aq),Br-,Ca++,Cl-,F-,Fe++,H+,HCO3-,HPO4--,I-,K+,Mg++,Na+,SO4--,SiO2(aq),Sr++,
D4,0.000,0.000,0.0001,26.0765,66.5230,398.0310,19129.5755,1.3700,0.0000,0.2082,93.1261,0.0016,0.0613,394.4925,1271.1453,10643.6867,2680.6908,4.2257,8.0460,
E1,EndTable:,D4,
E1,
E1,
E1,Table E1,Basis species(log true molality; log mole fraction for H2O, log fugacity for O2(g)),
E1,Xi,t(days),H2O,Al+++,B(OH)3(aq),Br-,Ca++,Cl-,F-,Fe++,H+,HCO3-,HPO4--,I-,K+,Mg++,Na+,SO4--,SiO2(aq),Sr++,O2(g),
E1,0.000,0.000,-8.3836E-03,-11.98,-3.375,-3.078,-2.042,-0.2804,-4.255,-21.09,-6.643,-3.040,-8.411,-18.51,-2.001,-1.391,-0.3517,-1.878,-4.152,-4.094,-0.7367,
E2,EndTable:,E1,
E2,
E2,
E2,Table E2,Basis species(log activity; log fugacity for O2(g)),
E2,Xi,t(days),H2O,Al+++,B(OH)3(aq),Br-,Ca++,Cl-,F-,Fe++,H+,HCO3-,HPO4--,I-,K+,Mg++,Na+,SO4--,SiO2(aq),Sr++,O2(g),
E2,0.000,0.000,-0.0078,-13.0901,-3.3750,-3.2630,-2.6806,-0.4652,-4.4240,-21.7250,-6.7553,-3.1964,-9.1443,-18.6953,-2.2188,-1.9237,-0.5408,-2.6118,-4.1517,-4.8042,-0.7367,
E3,EndTable:,E2,
E3,
E3,
E3,Table E3,Basis species(log activity coefficient),
E3,Xi,t(days),H2O,Al+++,B(OH)3(aq),Br-,Ca++,Cl-,F-,Fe++,H+,HCO3-,HPO4--,I-,K+,Mg++,Na+,SO4--,SiO2(aq),Sr++,O2(g),
E3,0.000,0.000,0.0006,-1.1132,0.0000,-0.1848,-0.6390,-0.1848,-0.1694,-0.6390,-0.1121,-0.1559,-0.7334,-0.1848,-0.2180,-0.5325,-0.1891,-0.7334,0.0000,-0.7103,0.0000,
J,EndTable:,E3,
J,
J,
J,Table J,Moles of reactants destroyed/created,
J,Xi,t(days),
J,0.000,0.000,
K,EndTable:,J,
K,
K,
K,Table K,Affinities of reactants (kcal),
K,Xi,t(days),Total,
K,0.000,0.000,0.0000,
P,EndTable:,K,
P,
P,
P,Table P,Moles of product minerals,
P,Xi,t(days),Diaspore,Dolomite-ord,Fluorapatite,Smectite-di,
P,0.000,0.000,5.7587E-08,2.3897E-04,2.1260E-07,2.2062E-08,
Q,EndTable:,P,
Q,
Q,
Q,Table Q,Saturation indices of potential product phases,
Q,Xi,t(days),AlF3,Albite,Albite_high,Albite_low,Alunite,Amesite-14A,Analcime,Analcime-dehy,Andalusite,Anhydrite,Anorthite,Antarcticite,Aphthitalite,Aragonite,Arcanite,Artinite,Bassanite,Beidellite-Ca,Beidellite-H,Beidellite-K,Beidellite-Mg,Beidellite-Na,Berlinite,Bischofite,Bloedite,Boehmite,Boric_acid,Brucite,CaSO4:0.5H2O(beta),Calcite,Carnallite,Celadonite,Celestite,Chalcedony,Chrysotile,Clinochlore-14A,Clinoptilolite-Ca,Clinoptilolite-K,Clinoptilolite-Na,Clinoptilolite-hy-Ca,Clinoptilolite-hy-K,Clinoptilolite-hy-Na,Coesite,Corundum,Cristobalite(alpha),Cristobalite(beta),Dawsonite,Diaspore,Diopside,Dolomite,Dolomite-dis,Dolomite-ord,Enstatite,Epsomite,Fe(OH)3,Fluorapatite,Fluorite,Forsterite,Gaylussite,Gibbsite,Gismondine,Glauberite,Goethite,Gypsum,Halite,Hematite,Hexahydrite,Huntite,Ice,Illite,Jadeite,K-Feldspar,KBr,KNaCO3:6H2O,Kainite,Kalicinite,Kalsilite,Kaolinite,Kieserite,Kyanite,Lansfordite,Laumontite,Lawsonite,Leonite,Magnesite,Margarite,Maximum_Microcline,Mesolite,Mg1.25SO4(OH)0.5:0.5H2O,Mg1.5SO4(OH),MgSO4,Mirabilite,Monohydrocalcite,Montmor-Ca,Montmor-K,Montmor-Mg,Montmor-Na,Mordenite,Muscovite,Na2CO3,Na2CO3:7H2O,Na4Ca(SO4)3:2H2O,NaBr,NaBr:2H2O,Nahcolite,Natrolite,Natron,Nepheline,Nesquehonite,Nontronite-Ca,Nontronite-H,Nontronite-K,Nontronite-Mg,Nontronite-Na,Okenite,Oxychloride-Mg,Paragonite,Pentahydrite,Periclase,Phlogopite,Picromerite,Pirssonite,Polyhalite,Prehnite,Pseudowollastonite,Pyrophyllite,Quartz,Sanidine_high,Saponite-Ca,Saponite-H,Saponite-K,Saponite-Mg,Saponite-Na,Scolecite,Sellaite,Sepiolite,SiO2(am),Sillimanite,Smectite-low-Fe-Mg,SrCl2:2H2O,SrCl2:6H2O,SrF2,SrHPO4,Starkeyite,Stilbite,Strontianite,Sylvite,Syngenite,Talc,Thenardite,Thermonatrite,Tridymite,Wairakite,Whitlockite,Wollastonite,H2O,Gas,Biotite,Carbonate-Calcite,Chlorite-ss,Clinoptilolite-hy-ss,Clinoptilolite-ss,Orthopyroxene,Plagioclase,Sanidine-ss,Saponite-tri,Smectite-di,
Q,0.000,0.000,-9.1532,-1.8446,-3.1633,-1.8446,-5.8796,-8.8182,-1.7769,-8.1318,-5.7678,-0.9860,-9.7307,-7.7507,-8.5330,-1.1148,-5.2486,-6.4727,-1.6348,-2.3576,-3.1866,-2.3649,-2.1950,-2.1496,-8.2704,-7.2929,-5.7822,-0.4039,-3.2167,-4.7266,-1.8029,-0.9704,-9.8566,-0.7960,-1.7389,-0.4236,-4.7068,-7.5011,-9.9454,-9.0521,-7.0466,-9.9497,-9.0218,-7.0441,-0.9624,-3.9837,-0.7029,-1.1464,-0.9232,0.0000,-6.8662,0.0000,-1.5444,0.0000,-3.8994,-2.6275,-6.3081,0.0000,-1.4915,-8.8560,-7.8471,-0.6035,-8.0922,-3.5168,-1.1793,-0.8256,-2.5914,-1.3904,-2.8553,-4.5171,-0.1465,-1.4726,-3.3173,-0.4829,-6.5509,-9.5064,-6.9314,-5.6989,-3.3535,-0.8006,-4.2763,-5.4973,-3.2445,-5.1537,-5.3814,-7.5037,-0.6584,-9.8979,-0.4829,-0.5708,-6.9066,-8.0050,-9.4137,-2.6311,-1.8118,-1.5386,-1.4756,-1.3065,-1.2640,-3.7280,-0.0234,-8.7048,-7.5228,-6.8008,-6.7776,-5.9232,-3.6253,-4.2412,-7.2103,-4.5774,-3.3836,-0.7941,-1.6232,-0.8014,-0.6314,-0.5862,-7.8782,-9.9329,-2.2815,-3.1871,-9.7563,-3.4685,-7.1919,-7.9828,-7.8730,-9.4204,-7.3291,-2.7258,-0.1524,-1.6821,-2.6471,-3.4762,-2.6545,-2.4845,-2.4392,-3.2043,-1.3874,-9.0916,-1.4381,-6.1313,-7.6729,-9.0748,-7.2848,-5.1121,-7.7069,-3.5667,-1.9080,-0.9316,-3.5299,-4.7495,-3.0153,-3.3842,-8.4926,-0.3239,-9.5477,-8.5949,-7.0899,-0.0078,0.0000,-3.4685,-0.3529,-7.5011,-7.0390,-7.0417,-3.8994,-3.1633,-1.6680,-2.3271,0.0000,
T,EndTable:,Q,
T,
T,
T,Table T,Fugacities (bars),
T,Xi,t(days),Al(g),B(g),BF3(g),Br2(g),C(g),C2H4(g),CH4(g),CO(g),CO2(g),Ca(g),Chlorine,Fluorine,H2(g),H2O(g),H2S(g),HBr(g),HCl(g),HF(g),HI(g),I2(g),K(g),Mg(g),Na(g),O2(g),S2(g),SO2(g),Si(g),SiF4(g),
T,0.000,0.000,1.8391-191,3.3110-202,1.1934E-34,1.4177E-16,8.2938-189,5.2240-236,1.0462-144,1.5139E-47,7.4071E-03,3.6469-153,5.6087E-20,1.2940E-80,6.4284E-42,2.5518E-02,6.4054-140,1.2596E-19,2.9787E-14,5.1064E-13,1.4288E-35,5.1536E-32,7.2429E-77,1.4034-129,1.8008E-74,0.1834,2.2138-222,9.4198E-53,3.4075-221,2.1868E-34,
W,EndTable:,T,
W,
W,
W,Table W,Overall mass and volume changes,
W,Xi,t(days),g destroyed,g created,g net,cc destroyed,cc created,cc net,
W,0.000,  0.000,0.000,4.4187E-02,4.4187E-02,0.000,0.000,0.000,
X,EndTable:,W,
X,
X,
X,Table X,Solid solution mole fractions,
X,Xi,t(days),
X,0.000,0.000,
Z,EndTable:,X,
Z,
Z,
Z,Table Z,Endfile,
Z,Endtable:,Z,
