A,Table A,Title information (filtered),
A,
A,Running EQ6 from EQ3/6-V8.0a (R43a) for PC,
A,---,
A,
A,EQ6 input file name= fwbrmix.6i,
A,Description= 'Fresh water-brine mixing; PHRQPITZ test problem 5c',
A,Version level= 8.0,
A,Revised 02/18/97    Revisor= T.J. Wolery,
A,This is part of the EQ3/6 Test Case Library,
A,,
A,  Add the calcite saturated fresh water defined on the EQ3NR test input file,
A,calnacl.3i to the calcite saturated brine defined by the EQ6 test case,
A,calhal.6i. The fresh water is treated as a special reactant; whose,
A,composition was taken from the pickup file generated by running calnacl.3i.,
A,Saturation with calcite is to be maintained; but the log pCO2 is allowed to,
A,drift. The starting calcite-saturated brine system from calhal.6i contains,
A,calcite; halite; and fix_CO2(g). These minerals (two real; one fictive) are,
A,removed when the run begins (some calcite is put back as a reactant; see,
A,below). Because a fixed fugacity option for CO2(g) is not specified; the,
A,---,
A,
A,data0.hmw.V8.R6,
A,CII: GEMBOCHS.V2-EQ8-data0.hmw.V8.R6,
A,THERMODYNAMIC DATABASE,
A,generated by GEMBOCHS.V2-Jewel.src.R5 02-dec-1996 11:27:50,
A,Output package:  eq3,
A,Data set:        hmw,
A,+--------------------------------------------------------------------,
A,---,
B1,EndTable:,A,
B1,
B1,
B1,Table B1,Miscellaneous parameters I,
B1,Xi,t(days),Temp(C),Press(bars),pH,pmH,log fO2,Eh(v),pe,aw,
B1,0.000,0.000,25.0000,1.0132,6.9104,7.8437,0.0000,-99999.0000,-99999.0000,0.7544,
B1,2.0312E-09,0.000,25.0000,1.0132,6.9105,7.8437,0.0000,-99999.0000,-99999.0000,0.7544,
B1,1.000,0.000,25.0000,1.0132,7.5894,7.9002,0.0000,-99999.0000,-99999.0000,0.8910,
B2,EndTable:,B1,
B2,
B2,
B2,Table B2,Miscellaneous parameters II,
B2,Xi,t(days),H2O(kg),Alk(eq/kg.H2O),Signam(m),I(m),J(m),TDS(g/kg.sol),TDS(g/L),density(g/L),M/m,
B2,0.000,0.000,1.000,5.0357E-03,12.21,6.108,2.4632E-03,263.0360,316.5793,1203.5591,0.8870,
B2,2.0312E-09,0.000,1.000,5.0357E-03,12.21,6.108,2.4632E-03,263.0360,316.5793,1203.5591,0.8870,
B2,1.000,0.000,2.000,4.7491E-03,6.107,3.057,2.2480E-03,151.5597,168.0000,1108.4738,0.9405,
C1,EndTable:,B2,
C1,
C1,
C1,Table C1,Dissolved elements(molality),
C1,Xi,t(days),Ca,Cl,C,Na,
C1,0.000,0.000,2.5178E-03,6.100,5.0841E-03,6.100,
C1,2.0312E-09,0.000,2.5178E-03,6.100,5.0841E-03,6.100,
C1,1.000,0.000,2.3745E-03,3.050,4.6784E-03,3.050,
C2,EndTable:,C1,
C2,
C2,
C2,Table C2,Dissolved elements(ppm: mg/kg.sol),
C2,Xi,t(days),Ca,Cl,C,Na,
C2,0.000,0.000,74.37,1.5938E+05,45.00,1.0335E+05,
C2,2.0312E-09,0.000,74.37,1.5938E+05,45.00,1.0335E+05,
C2,1.000,0.000,80.74,9.1745E+04,47.68,5.9493E+04,
C3,EndTable:,C2,
C3,
C3,
C3,Table C3,Dissolved elements(molarity),
C3,Xi,t(days),Ca,Cl,C,Na,
C3,0.000,0.000,2.2333E-03,5.411,4.5095E-03,5.411,
C3,2.0312E-09,0.000,2.2333E-03,5.411,4.5095E-03,5.411,
C3,1.000,0.000,2.2332E-03,2.869,4.3999E-03,2.869,
C4,EndTable:,C3,
C4,
C4,
C4,Table C4,Dissolved elements(ppm: mg/L),
C4,Xi,t(days),Ca,Cl,C,Na,
C4,0.000,0.000,89.50,1.9182E+05,54.16,1.2439E+05,
C4,2.0312E-09,0.000,89.50,1.9182E+05,54.16,1.2439E+05,
C4,1.000,0.000,89.50,1.0170E+05,52.85,6.5946E+04,
D1,EndTable:,C4,
D1,
D1,
D1,Table D1,Solute basis species(total molality),
D1,Xi,t(days),Ca++,Cl-,H+,HCO3-,Na+,
D1,0.000,0.000,2.5178E-03,6.100,4.8481E-05,5.0841E-03,6.100,
D1,2.0312E-09,0.000,2.5178E-03,6.100,4.8476E-05,5.0841E-03,6.100,
D1,1.000,0.000,2.3745E-03,3.050,-7.0668E-05,4.6784E-03,3.050,
D2,EndTable:,D1,
D2,
D2,
D2,Table D2,Solute basis species(total ppm: mg/kg.sol),
D2,Xi,t(days),Ca++,Cl-,H+,HCO3-,Na+,
D2,0.000,0.000,74.3667,159381.3624,0.0360,228.6208,103352.9425,
D2,2.0312E-09,0.000,74.3669,159381.3622,0.0360,228.6210,103352.9423,
D2,1.000,0.000,80.7429,91744.6676,-0.0604,242.1970,59493.0374,
D3,EndTable:,D2,
D3,
D3,
D3,Table D3,Solute basis species(total molarity),
D3,Xi,t(days),Ca++,Cl-,H+,HCO3-,Na+,
D3,0.000,0.000,2.2333E-03,5.411,4.3002E-05,4.5095E-03,5.411,
D3,2.0312E-09,0.000,2.2333E-03,5.411,4.2997E-05,4.5095E-03,5.411,
D3,1.000,0.000,2.2332E-03,2.869,-6.6461E-05,4.3999E-03,2.869,
D4,EndTable:,D3,
D4,
D4,
D4,Table D4,Solute basis species(total ppm: mg/L),
D4,Xi,t(days),Ca++,Cl-,H+,HCO3-,Na+,
D4,0.000,0.000,89.5048,191824.8917,0.0433,275.1587,124391.3761,
D4,2.0312E-09,0.000,89.5050,191824.8913,0.0433,275.1589,124391.3759,
D4,1.000,0.000,89.5013,101696.5647,-0.0670,268.4691,65946.4761,
E1,EndTable:,D4,
E1,
E1,
E1,Table E1,Basis species(log true molality; log mole fraction for H2O, log fugacity for O2(g)),
E1,Xi,t(days),H2O,Ca++,Cl-,H+,HCO3-,Na+,O2(g),
E1,0.000,0.000,-8.6335E-02,-2.600,0.7853,-7.844,-2.307,0.7853,0.000,
E1,2.0312E-09,0.000,-8.6335E-02,-2.600,0.7853,-7.844,-2.307,0.7853,0.000,
E1,1.000,0.000,-4.5332E-02,-2.625,0.4843,-7.900,-2.347,0.4843,0.000,
E2,EndTable:,E1,
E2,
E2,
E2,Table E2,Basis species(log activity; log fugacity for O2(g)),
E2,Xi,t(days),H2O,Ca++,Cl-,H+,HCO3-,Na+,O2(g),
E2,0.000,0.000,-0.1224,-1.9462,0.5172,-6.9104,-3.0313,1.0532,0.0000,
E2,2.0312E-09,0.000,-0.1224,-1.9462,0.5172,-6.9105,-3.0313,1.0532,0.0000,
E2,1.000,0.000,-0.0501,-2.8634,0.2378,-7.5894,-2.7931,0.4398,0.0000,
E3,EndTable:,E2,
E3,
E3,
E3,Table E3,Basis species(log activity coefficient),
E3,Xi,t(days),H2O,Ca++,Cl-,H+,HCO3-,Na+,O2(g),
E3,0.000,0.000,-0.0361,0.6537,-0.2682,0.9332,-0.7238,0.2679,0.0000,
E3,2.0312E-09,0.000,-0.0361,0.6537,-0.2682,0.9332,-0.7238,0.2679,0.0000,
E3,1.000,0.000,-0.0048,-0.2379,-0.2465,0.3108,-0.4458,-0.0445,0.0000,
J,EndTable:,E3,
J,
J,
J,Table J,Moles of reactants destroyed/created,
J,Xi,t(days),Calcite,Fresh Water,
J,0.000,0.000,0.000,0.000,
J,2.0312E-09,0.000,2.0312E-07,2.0312E-09,
J,1.000,0.000,2.0312E-07,1.000,
K,EndTable:,J,
K,
K,
K,Table K,Affinities of reactants (kcal),
K,Xi,t(days),Total,Calcite,Fresh Water,
K,0.000,0.000,99999.0000,0.0000,99999.0000,
K,2.0312E-09,0.000,99999.0000,0.0000,99999.0000,
K,1.000,0.000,99999.0000,0.0000,99999.0000,
P,EndTable:,K,
P,
P,
P,Table P,Moles of product minerals,
P,Xi,t(days),Calcite,
P,0.000,0.000,
P,2.0312E-09,0.000,0.5000,
P,1.000,0.000,0.4995,
Q,EndTable:,P,
Q,
Q,
Q,Table Q,Saturation indices of potential product phases,
Q,Xi,t(days),Antarcticite,Aragonite,CaCl2:4H2O,Calcite,Gaylussite,Halite,Na2CO3:7H2O,Nahcolite,Natron,Pirssonite,Thermonatrite,Trona,H2O,Gas,
Q,0.000,0.000,-5.7898,-0.1868,-7.1185,0.0000,-3.9510,0.0000,-4.7503,-1.5751,-4.7529,-3.7616,-4.9579,-5.5321,-0.1224,0.0000,
Q,2.0312E-09,0.000,-5.7898,-0.1868,-7.1185,0.0000,-3.9510,0.0000,-4.7503,-1.5751,-4.7529,-3.7616,-4.9579,-5.5320,-0.1224,0.0000,
Q,1.000,0.000,-6.8321,-0.1868,-8.3053,0.0000,-3.8993,-0.8928,-4.5540,-1.9503,-4.3398,-3.9267,-5.1953,-6.0724,-0.0501,0.0000,
T,EndTable:,Q,
T,
T,
T,Table T,Fugacities (bars),
T,Xi,t(days),CO2(g),
T,0.000,0.000,9.9998E-03,
T,2.0312E-09,0.000,9.9995E-03,
T,1.000,0.000,3.0687E-03,
W,EndTable:,T,
W,
W,
W,Table W,Overall mass and volume changes,
W,Xi,t(days),g destroyed,g created,g net,cc destroyed,cc created,cc net,
W,0.000,  0.000,0.000,0.000,0.000,0.000,0.000,0.000,
W,2.0312E-09,  0.000,2.2362E-05,50.04,50.04,0.000,0.000,0.000,
W,1.000,  0.000,1000.,49.99,-950.3,0.000,0.000,0.000,
Z,EndTable:,W,
Z,
Z,
Z,Table Z,Endfile,
Z,Endtable:,Z,
